School Name,City,State,District Name,Model Selected,Award_Amount,Region
HOGARTH KINGEEKUK MEMORIAL SCHOOL,SAVOONGA,AK,BERING STRAIT SCHOOL DISTRICT,Transformation,471014,West
AKIACHAK SCHOOL,AKIACHAK,AK,YUPIIT SCHOOL DISTRICT,Transformation,520579,West
GAMBELL SCHOOL,GAMBELL,AK,BERING STRAIT SCHOOL DISTRICT,Transformation,449592,West
BURCHELL HIGH SCHOOL,WASILLA,AK,MATANUSKA-SUSITNA BOROUGH SCHOOL DISTRICT,Transformation,641184,West
AKIAK SCHOOL,AKIAK,AK,YUPIIT SCHOOL DISTRICT,Transformation,399686,West
MIDVALLEY HIGH,WASILLA,AK,MATANUSKA-SUSITNA BOROUGH SCHOOL DISTRICT,Restart,697703,West
TULUKSAK SCHOOL,TULUKSAK,AK,YUPIIT SCHOOL DISTRICT,Transformation,427658,West
CAPITOL HEIGHTS JR HIGH SCH,MONTGOMERY,AL,MONTGOMERY COUNTY,Transformation,110544,South
LOWNDES CO MIDDLE SCH,FORT DEPOSIT,AL,LOWNDES COUNTY,Transformation,12973,South
CENTRAL MIDDLE SCH,ROCKFORD,AL,COOSA COUNTY,Transformation,199828,South
BELLINGRATH JR HIGH SCH,MONTGOMERY,AL,MONTGOMERY COUNTY,Transformation,165903,South
HAYNEVILLE MIDDLE SCH,HAYNEVILLE,AL,LOWNDES COUNTY,Transformation,121657,South
SOUTHLAWN MIDDLE SCH,MONTGOMERY,AL,MONTGOMERY COUNTY,Transformation,914557,South
CONTINUOUS LEARNING CTR,MOBILE,AL,MOBILE COUNTY,Transformation,198953,South
JACKSON-STEELE ELEM SCH,HAYNEVILLE,AL,LOWNDES COUNTY,Transformation,118394,South
MCINTYRE MIDDLE SCH,MONTGOMERY,AL,MONTGOMERY COUNTY,Transformation,143238,South
JOHN ESSEX HIGH SCH,DEMOPOLIS,AL,MARENGO COUNTY,Transformation,151116,South
CALHOUN HIGH SCH,LETOHATCHEE,AL,LOWNDES COUNTY,Transformation,163619,South
OSCEOLA MIDDLE SCHOOL,OSCEOLA,AR,OSCEOLA SCHOOL DISTRICT,Transformation,665000,South
HALL HIGH SCHOOL,LITTLE ROCK,AR,LITTLE ROCK SCHOOL DISTRICT,Transformation,198728,South
ROSE CITY MIDDLE SCHOOL,NORTH LITTLE ROCK,AR,N. LITTLE ROCK SCHOOL DISTRICT,Transformation,991451,South
TRUSTY ELEMENTARY SCHOOL,FORT SMITH,AR,FORT SMITH SCHOOL DISTRICT,Transformation,990135,South
J.A. FAIR HIGH SCHOOL,LITTLE ROCK,AR,LITTLE ROCK SCHOOL DISTRICT,Transformation,197012,South
OSCEOLA HIGH SCHOOL,OSCEOLA,AR,OSCEOLA SCHOOL DISTRICT,Transformation,695000,South
CLOVERDALE MIDDLE SCHOOL,LITTLE ROCK,AR,LITTLE ROCK SCHOOL DISTRICT,Transformation,198783,South
GADSDEN ELEMENTARY SCHOOL,GADSDEN,AZ,GADSDEN ELEMENTARY DISTRICT,Transformation,847003,West
EAST VALLEY HIGH SCHOOL,MESA,AZ,LEGACY EDUCATION GROUP,Turnaround,381512,West
CRITTENTON YOUTH ACADEMY,PHOENIX,AZ,FLORENCE CRITTENTON SERVICES OF ARIZONA  INC.,Turnaround,915959,West
ALCHESAY HIGH SCHOOL,WHITERIVER,AZ,WHITERIVER UNIFIED DISTRICT,Transformation,812195,West
SAN CARLOS HIGH SCHOOL,SAN CARLOS,AZ,SAN CARLOS UNIFIED DISTRICT,Transformation,928654,West
PIMA PARTNERSHIP SCHOOL  THE,TUCSON,AZ,PIMA PREVENTION PARTNERSHIP DBA PIMA PARTNERSHIP SCHOOL  THE,Turnaround,818238,West
LA PUERTA HIGH SCHOOL,PHOENIX,AZ,OMEGA SCHOOLS D.B.A. OMEGA ACADEMY  INC.,Turnaround,634503,West
PROJECT MORE HIGH SCHOOL,TUCSON,AZ,TUCSON UNIFIED DISTRICT,Transformation,836556,West
PEACH SPRINGS SCHOOL,PEACH SPRINGS,AZ,PEACH SPRINGS UNIFIED DISTRICT,Transformation,880050,West
WHITE CONE HIGH SCHOOL,WHITE CONE,AZ,CEDAR UNIFIED DISTRICT,Transformation,728696,West
JAMES SANDOVAL PREPARATORY HIGH SCHOOL,PHOENIX,AZ,JAMES SANDOVAL PREPARATORY HIGH SCHOOL,Transformation,696668,West
SEVEN MILE SCHOOL,WHITERIVER,AZ,WHITERIVER UNIFIED DISTRICT,Transformation,826589,West
Rice Elementary School,San Carlos,AZ,San Carlos Unified District,Transformation,204246,West
HOWENSTINE HIGH SCHOOL,TUCSON,AZ,TUCSON UNIFIED DISTRICT,Transformation,760314,West
BABOQUIVARI HIGH SCHOOL,SELLS,AZ,INDIAN OASIS-BABOQUIVARI UNIFIED DISTRICT,Turnaround,558022,West
IMAGINE ELEMENTARY AT CAMELBACK,PHOENIX,AZ,IMAGINE CHARTER ELEMENTARY AT CAMELBACK  INC.,Turnaround,696520,West
MT TIPTON ELEMENTARY SCHOOL,DOLAN SPRINGS,AZ,KINGMAN UNIFIED SCHOOL DISTRICT,Transformation,565322,West
CANYON DAY JUNIOR HIGH SCHOOL,WHITERIVER,AZ,WHITERIVER UNIFIED DISTRICT,Transformation,599344,West
SELIGMAN HIGH SCHOOL,SELIGMAN,AZ,SELIGMAN UNIFIED DISTRICT,Turnaround,490954,West
FREMONT MIDDLE,POMONA,CA,POMONA UNIFIED,Transformation,174245,West
SIERRA INTERMEDIATE,SANTA ANA,CA,SANTA ANA UNIFIED,Transformation,181152,West
LONGWOOD ELEMENTARY,HAYWARD,CA,HAYWARD UNIFIED,Turnaround,162698,West
MCFARLAND HIGH,MCFARLAND,CA,MCFARLAND UNIFIED,Transformation,997852,West
PACIFIC HIGH,SAN BERNARDINO,CA,SAN BERNARDINO CITY UNIFIED,Transformation,10000,West
GREENFIELD ELEMENTARY,GREENFIELD,CA,GREENFIELD UNION ELEMENTARY,Transformation,743444,West
TUMBLEWEED ELEMENTARY,PALMDALE,CA,PALMDALE ELEMENTARY,Turnaround,179933,West
HILLSIDE ELEMENTARY,SAN LEANDRO,CA,SAN LORENZO UNIFIED,Transformation,530980,West
FLORENCE GRIFFITH JOYNER ELEMENTARY,LOS ANGELES,CA,LOS ANGELES UNIFIED,Restart,188694,West
SAN GORGONIO HIGH,SAN BERNARDINO,CA,SAN BERNARDINO CITY UNIFIED,Transformation,10000,West
FONTANA A. B. MILLER HIGH,FONTANA,CA,FONTANA UNIFIED,Transformation,10000,West
ELMHURST COMMUNITY PREP,OAKLAND,CA,OAKLAND UNIFIED,Transformation,121793,West
PAUL REVERE ELEMENTARY,SAN FRANCISCO,CA,SAN FRANCISCO UNIFIED,Transformation,181577,West
SAMUEL GOMPERS MIDDLE,LOS ANGELES,CA,LOS ANGELES UNIFIED,Restart,189201,West
DAVIDSON ELEMENTARY,SAN BERNARDINO,CA,SAN BERNARDINO CITY UNIFIED,Transformation,148577,West
PALM AVENUE ELEMENTARY,WASCO,CA,WASCO UNION ELEMENTARY,Transformation,148665,West
SHORE ACRES ELEMENTARY,BAY POINT,CA,MT. DIABLO UNIFIED,Transformation,12252,West
CESAR CHAVEZ ELEMENTARY,SAN FRANCISCO,CA,SAN FRANCISCO UNIFIED,Transformation,175737,West
BUTTONWILLOW ELEMENTARY,BUTTONWILLOW,CA,BUTTONWILLOW UNION ELEMENTARY,Transformation,559268,West
EDISON-RONALD MCNAIR INTERMEDIATE,EAST PALO ALTO,CA,RAVENSWOOD CITY ELEMENTARY,Turnaround,135806,West
CENTURY HIGH,SANTA ANA,CA,SANTA ANA UNIFIED,Transformation,197223,West
LAKESIDE ELEMENTARY,HANFORD,CA,LAKESIDE UNION ELEMENTARY,Transformation,913211,West
KING/CHAVEZ ARTS ACADEMY,SAN DIEGO,CA,SAN DIEGO UNIFIED,Transformation,102906,West
PHARIS F. FEDDE MIDDLE,HAWAIIAN GARDENS,CA,ABC UNIFIED,Transformation,10000,West
SEASIDE HIGH,SEASIDE,CA,MONTEREY PENINSULA UNIFIED,Turnaround,159471,West
ELLA ELEMENTARY,OLIVEHURST,CA,MARYSVILLE JOINT UNIFIED,Turnaround,180738,West
WILSON ELEMENTARY,SAN BERNARDINO,CA,SAN BERNARDINO CITY UNIFIED,Turnaround,925749,West
YOSEMITE MIDDLE,FRESNO,CA,FRESNO UNIFIED,Turnaround,173752,West
T. S. MACQUIDDY ELEMENTARY,WATSONVILLE,CA,PAJARO VALLEY UNIFIED,Transformation,577030,West
ENCINA PREPARATORY HIGH,SACRAMENTO,CA,SAN JUAN UNIFIED,Turnaround,102743,West
EDWIN MARKHAM MIDDLE,LOS ANGELES,CA,LOS ANGELES UNIFIED,Restart,185886,West
RIO VISTA ELEMENTARY,SAN BERNARDINO,CA,SAN BERNARDINO CITY UNIFIED,Transformation,142575,West
FELICITA ELEMENTARY,ESCONDIDO,CA,ESCONDIDO UNION,Turnaround,171031,West
UNITED FOR SUCCESS ACADEMY,OAKLAND,CA,OAKLAND UNIFIED,Transformation,128129,West
MISSION HIGH,SAN FRANCISCO,CA,SAN FRANCISCO UNIFIED,Transformation,201467,West
GARDENA SENIOR HIGH,GARDENA,CA,LOS ANGELES UNIFIED,Transformation,167368,West
BARTON ELEMENTARY,SAN BERNARDINO,CA,SAN BERNARDINO CITY UNIFIED,Turnaround,10000,West
ROSE FERRERO ELEMENTARY,SOLEDAD,CA,SOLEDAD UNIFIED,Turnaround,157616,West
GEORGE WASHINGTON CARVER ELEMENTARY,SAN FRANCISCO,CA,SAN FRANCISCO UNIFIED,Turnaround,158151,West
EASTSIDE HIGH,LANCASTER,CA,ANTELOPE VALLEY UNION HIGH,Transformation,10000,West
GLENBROOK MIDDLE,CONCORD,CA,MT. DIABLO UNIFIED,Transformation,584002,West
COSTANO ELEMENTARY,EAST PALO ALTO,CA,RAVENSWOOD CITY ELEMENTARY,Turnaround,135806,West
WILLARD INTERMEDIATE,SANTA ANA,CA,SANTA ANA UNIFIED,Transformation,181152,West
PESCADERO ELEMENTARY AND MIDDLE,PESCADERO,CA,LA HONDA-PESCADERO UNIFIED,Transformation,629711,West
BURBANK ELEMENTARY,SAN DIEGO,CA,SAN DIEGO UNIFIED,Transformation,116423,West
HIGHLANDS ACADEMY OF ARTS AND DESIGN,NORTH HIGHLANDS,CA,TWIN RIVERS UNIFIED,Transformation,184555,West
MARTIN LUTHER KING,SEASIDE,CA,MONTEREY PENINSULA UNIFIED,Turnaround,126595,West
BURBANK ELEMENTARY,HAYWARD,CA,HAYWARD UNIFIED,Transformation,158712,West
EMERSON MIDDLE,POMONA,CA,POMONA UNIFIED,Transformation,152096,West
SANTA ANA HIGH,SANTA ANA,CA,SANTA ANA UNIFIED,Transformation,197223,West
MAYWOOD ACADEMY HIGH,MAYWOOD,CA,LOS ANGELES UNIFIED,Transformation,187692,West
SHANDIN HILLS MIDDLE,SAN BERNARDINO,CA,SAN BERNARDINO CITY UNIFIED,Turnaround,10000,West
WEBSTER ELEMENTARY,FRESNO,CA,FRESNO UNIFIED,Turnaround,17325,West
HALL DISTRICT ELEMENTARY,WATSONVILLE,CA,PAJARO VALLEY UNIFIED,Transformation,630428,West
EVERETT MIDDLE,SAN FRANCISCO,CA,SAN FRANCISCO UNIFIED,Turnaround,140557,West
THOMAS JEFFERSON SENIOR HIGH,LOS ANGELES,CA,LOS ANGELES UNIFIED,Transformation,180068,West
MARSHALL ELEMENTARY,SAN BERNARDINO,CA,SAN BERNARDINO CITY UNIFIED,Turnaround,194293,West
SAN JUAN,SAN JUAN BAUTISTA,CA,AROMAS/SAN JUAN UNIFIED,Transformation,173426,West
WEST SHORES HIGH,SALTON CITY,CA,COACHELLA VALLEY UNIFIED,Turnaround,126036,West
EXPLORE MIDDLE,OAKLAND,CA,OAKLAND UNIFIED,Closure,49045,West
JOHN MUIR ELEMENTARY,SAN FRANCISCO,CA,SAN FRANCISCO UNIFIED,Turnaround,148146,West
LINCOLN ELEMENTARY,RICHMOND,CA,WEST CONTRA COSTA UNIFIED,Turnaround,122138,West
SEMITROPIC ELEMENTARY,WASCO,CA,SEMITROPIC ELEMENTARY,Transformation,133333,West
GEORGE WASHINGTON CARVER MIDDLE,LOS ANGELES,CA,LOS ANGELES UNIFIED,Restart,174824,West
BRYANT ELEMENTARY,SAN FRANCISCO,CA,SAN FRANCISCO UNIFIED,Turnaround,155171,West
LITTLEROCK HIGH,LITTLEROCK,CA,ANTELOPE VALLEY UNION HIGH,Transformation,17292,West
BEL AIR ELEMENTARY,BAY POINT,CA,MT. DIABLO UNIFIED,Transformation,144166,West
POMONA SENIOR HIGH,POMONA,CA,POMONA UNIFIED,Transformation,189832,West
VALLEY HIGH,SANTA ANA,CA,SANTA ANA UNIFIED,Transformation,197223,West
TENNYSON HIGH,HAYWARD,CA,HAYWARD UNIFIED,Transformation,179529,West
HIGHLAND ELEMENTARY,SEASIDE,CA,MONTEREY PENINSULA UNIFIED,Turnaround,126595,West
ARROYO VALLEY HIGH,SAN BERNARDINO,CA,SAN BERNARDINO CITY UNIFIED,Transformation,10000,West
VISTA VERDE MIDDLE,GREENFIELD,CA,GREENFIELD UNION ELEMENTARY,Transformation,806917,West
CACTUS MIDDLE,PALMDALE,CA,PALMDALE ELEMENTARY,Turnaround,184271,West
SADDLEBACK HIGH,SANTA ANA,CA,SANTA ANA UNIFIED,Transformation,197223,West
ROBERT LOUIS STEVENSON MIDDLE,LOS ANGELES,CA,LOS ANGELES UNIFIED,Restart,189229,West
SERRANO MIDDLE,HIGHLAND,CA,SAN BERNARDINO CITY UNIFIED,Turnaround,179747,West
CARVER ACADEMY,FRESNO,CA,FRESNO UNIFIED,Turnaround,105245,West
CALABASAS ELEMENTARY,WATSONVILLE,CA,PAJARO VALLEY UNIFIED,Transformation,631759,West
JOHN O'CONNELL ALTERNATIVE HIGH,SAN FRANCISCO,CA,SAN FRANCISCO UNIFIED,Transformation,163043,West
HILLCREST DRIVE ELEMENTARY,LOS ANGELES,CA,LOS ANGELES UNIFIED,Transformation,189181,West
HUNT ELEMENTARY,SAN BERNARDINO,CA,SAN BERNARDINO CITY UNIFIED,Turnaround,140097,West
RIVERSIDE COUNTY COMMUNITY,RIVERSIDE,CA,RIVERSIDE COUNTY OFFICE OF EDUCATION,Transformation,141497,West
CHUALAR ELEMENTARY,CHUALAR,CA,CHUALAR UNION ELEMENTARY,Transformation,233414,West
RIO VISTA ELEMENTARY,BAY POINT,CA,MT. DIABLO UNIFIED,Transformation,443230,West
HORACE MANN MIDDLE,SAN FRANCISCO,CA,SAN FRANCISCO UNIFIED,Transformation,125599,West
STANFORD NEW SCHOOL,MENLO PARK,CA,RAVENSWOOD CITY ELEMENTARY,Transformation,105585,West
CESAR ESTRADA CHAVEZ DUAL LANGUAGE IMMERSION CHART,SANTA BARBARA,CA,SANTA BARBARA ELEMENTARY,Transformation,388816,West
JEFFERSON ELEMENTARY,LINDSAY,CA,LINDSAY UNIFIED,Turnaround,108247,West
"BROWN, JR., (WILLIE L.) ELEMENTARY",SAN FRANCISCO,CA,SAN FRANCISCO UNIFIED,Closure,50000,West
NORTE VISTA HIGH,RIVERSIDE,CA,ALVORD UNIFIED,Turnaround,187562,West
MARCH MOUNTAIN HIGH,MORENO VALLEY,CA,MORENO VALLEY UNIFIED,Transformation,481154,West
NORTH HIGH SCHOOL,DENVER,CO,SCHOOL DISTRICT NO. 1 IN THE COUNTY OF DENVER AND STATE OF C,Transformation,924081,West
HASKIN ELEMENTARY SCHOOL,CENTER,CO,"CENTER CONSOLIDATED SCHOOL DISTRICT NO. 26 JT., OF THE COUNT",Transformation,539797,West
RONCALLI MIDDLE SCHOOL,PUEBLO,CO,"PUEBLO, SCHOOL DISTRICT NO. 60, IN THE COUNTY OF PUEBLO AND",Transformation,674025,West
CENTRAL HIGH SCHOOL,PUEBLO,CO,"PUEBLO, SCHOOL DISTRICT NO. 60, IN THE COUNTY OF PUEBLO AND",Transformation,852911,West
MONTBELLO HIGH SCHOOL,DENVER,CO,SCHOOL DISTRICT NO. 1 IN THE COUNTY OF DENVER AND STATE OF C,Transformation,100778,West
LAKE MIDDLE SCHOOL,DENVER,CO,SCHOOL DISTRICT NO. 1 IN THE COUNTY OF DENVER AND STATE OF C,Restart,619609,West
HANSON ELEMENTARY SCHOOL,COMMERCE CITY,CO,SCHOOL DISTRICT N. 14 IN THE COUNTY OF ADAMS & STATE OF COLO,Transformation,641451,West
LEMUEL PITTS MIDDLE SCHOOL,PUEBLO,CO,"PUEBLO, SCHOOL DISTRICT NO. 60, IN THE COUNTY OF PUEBLO AND",Turnaround,622865,West
CLIFTON ELEMENTARY SCHOOL,CLIFTON,CO,MESA COUNTY VALLEY SCHOOL DISTRICT NO. 51,Transformation,821295,West
RISHEL MIDDLE SCHOOL,DENVER,CO,SCHOOL DISTRICT NO. 1 IN THE COUNTY OF DENVER AND STATE OF C,Closure,13729,West
GREENLEE K-8 SCHOOL,DENVER,CO,SCHOOL DISTRICT NO. 1 IN THE COUNTY OF DENVER AND STATE OF C,Turnaround,671148,West
FORT LOGAN ELEMENTARY SCHOOL,ENGLEWOOD,CO,SHERIDAN SCHOOL DISTRICT NO. 2,Turnaround,728445,West
JAMES H RISLEY MIDDLE SCHOOL,PUEBLO,CO,"PUEBLO, SCHOOL DISTRICT NO. 60, IN THE COUNTY OF PUEBLO AND",Turnaround,606822,West
SKYLAND COMMUNITY HIGH SCHOOL,DENVER,CO,SCHOOL DISTRICT NO. 1 IN THE COUNTY OF DENVER AND STATE OF C,Closure,31935,West
PHILIPS ELEMENTARY SCHOOL,DENVER,CO,SCHOOL DISTRICT NO. 1 IN THE COUNTY OF DENVER AND STATE OF C,Closure,32491,West
GILPIN K-8 SCHOOL,DENVER,CO,SCHOOL DISTRICT NO. 1 IN THE COUNTY OF DENVER AND STATE OF C,Turnaround,374767,West
YOUTH & FAMILY ACADEMY CHARTER,PUEBLO,CO,"PUEBLO, SCHOOL DISTRICT NO. 60, IN THE COUNTY OF PUEBLO AND",Transformation,481016,West
FREED MIDDLE SCHOOL,PUEBLO,CO,"PUEBLO, SCHOOL DISTRICT NO. 60, IN THE COUNTY OF PUEBLO AND",Turnaround,595238,West
NOEL MIDDLE SCHOOL,DENVER,CO,SCHOOL DISTRICT NO. 1 IN THE COUNTY OF DENVER AND STATE OF C,Transformation,825829,West
BURNS SCHOOL,HARTFORD,CT,HARTFORD SCHOOL DISTRICT,Turnaround,430568,Northeast
BARNUM SCHOOL,BRIDGEPORT,CT,BRIDGEPORT SCHOOL DISTRICT,Transformation,500000,Northeast
KATHERINE BRENNAN SCHOOL,NEW HAVEN,CT,NEW HAVEN SCHOOL DISTRICT,Turnaround,590000,Northeast
DR. RAMON E. BETANCES SCHOOL,HARTFORD,CT,HARTFORD SCHOOL DISTRICT,Turnaround,400000,Northeast
STAMFORD ACADEMY,STAMFORD,CT,STAMFORD ACADEMY,Transformation,400000,Northeast
JAMES HILLHOUSE HIGH SCHOOL,NEW HAVEN,CT,NEW HAVEN SCHOOL DISTRICT,Transformation,700000,Northeast
MILNER SCHOOL,HARTFORD,CT,HARTFORD SCHOOL DISTRICT,Turnaround,430569,Northeast
HARDING HIGH SCHOOL,BRIDGEPORT,CT,BRIDGEPORT SCHOOL DISTRICT,Restart,800000,Northeast
NATCHAUG SCHOOL,WILLIMANTIC,CT,WINDHAM SCHOOL DISTRICT,Transformation,700000,Northeast
HILL CENTRAL MUSIC ACADEMY,NEW HAVEN,CT,NEW HAVEN SCHOOL DISTRICT,Turnaround,590000,Northeast
SAND SCHOOL,HARTFORD,CT,HARTFORD SCHOOL DISTRICT,Turnaround,400000,Northeast
BASSICK HIGH SCHOOL,BRIDGEPORT,CT,BRIDGEPORT SCHOOL DISTRICT,Transformation,700000,Northeast
WILBUR CROSS HIGH SCHOOL,NEW HAVEN,CT,NEW HAVEN SCHOOL DISTRICT,Transformation,700000,Northeast
SMALLEY ACADEMY,NEW BRITAIN,CT,NEW BRITAIN SCHOOL DISTRICT,Transformation,700000,Northeast
ANACOSTIA SHS,DISTRICT OF COLUMBIA,DC,DISTRICT OF COLUMBIA PUBLIC SCHOOLS,Restart,517340,
BROWNE EC,DISTRICT OF COLUMBIA,DC,DISTRICT OF COLUMBIA PUBLIC SCHOOLS,Transformation,445400,
DUNBAR SHS,DISTRICT OF COLUMBIA,DC,DISTRICT OF COLUMBIA PUBLIC SCHOOLS,Restart,517340,
HAMILTON CENTER SPEC ED AT HAMILTON SCHOOL,DISTRICT OF COLUMBIA,DC,DISTRICT OF COLUMBIA PUBLIC SCHOOLS,Turnaround,330050,
SPINGARN SHS,DISTRICT OF COLUMBIA,DC,DISTRICT OF COLUMBIA PUBLIC SCHOOLS,Transformation,619950,
EASTERN SHS,DISTRICT OF COLUMBIA,DC,DISTRICT OF COLUMBIA PUBLIC SCHOOLS,Turnaround,189350,
LUKE C. MOORE ACADEMY SHS,DISTRICT OF COLUMBIA,DC,DISTRICT OF COLUMBIA PUBLIC SCHOOLS,Turnaround,552658,
PROSPECT LC,DISTRICT OF COLUMBIA,DC,DISTRICT OF COLUMBIA PUBLIC SCHOOLS,Transformation,180700,
OPTIONS PCS,DISTRICT OF COLUMBIA,DC,OPTIONS PCS,Turnaround,541226,
KENILWORTH ES,DISTRICT OF COLUMBIA,DC,DISTRICT OF COLUMBIA PUBLIC SCHOOLS,Restart,305325,
SEAFORD SENIOR HIGH SCHOOL,SEAFORD,DE,SEAFORD SCHOOL DISTRICT,Transformation,630295,South
MOUNT PLEASANT HIGH SCHOOL,WILMINGTON,DE,BRANDYWINE SCHOOL DISTRICT,Transformation,672921,South
LITTLE RIVER ELEMENTARY SCHOOL,MIAMI,FL,DADE,Transformation,394739,South
HARDEE SENIOR HIGH SCHOOL,WAUCHULA,FL,HARDEE,Transformation,733198,South
MIAMI SOUTHRIDGE SENIOR HIGH,MIAMI,FL,DADE,Turnaround,115447,South
POINCIANA HIGH SCHOOL,KISSIMMEE,FL,OSCEOLA,Transformation,660025,South
EAST GADSDEN HIGH SCHOOL,HAVANA,FL,GADSDEN,Transformation,737977,South
COLUMBIA HIGH SCHOOL,LAKE CITY,FL,COLUMBIA,Transformation,759293,South
MIAMI JACKSON SENIOR HIGH SCHOOL,MIAMI,FL,DADE,Transformation,816787,South
MEMORIAL MIDDLE SCHOOL,ORLANDO,FL,ORANGE,Transformation,652558,South
LARKDALE ELEMENTARY SCHOOL,FORT LAUDERDALE,FL,BROWARD,Transformation,713746,South
EDWARD H. WHITE HIGH SCHOOL,JACKSONVILLE,FL,DUVAL,Transformation,759293,South
ST. JOHNS TECHNICAL HIGH SCHOOL,ST AUGUSTINE,FL,ST. JOHNS,Transformation,728868,South
HOMESTEAD SENIOR HIGH SCHOOL,HOMESTEAD,FL,DADE,Transformation,845263,South
LEESBURG HIGH SCHOOL,LEESBURG,FL,LAKE,Transformation,734298,South
CHARLES W. DUVAL ELEMENTARY SCHOOL,GAINESVILLE,FL,ALACHUA,Transformation,759293,South
SMART POPE LIVINGSTON ELEMENTARY,JACKSONVILLE,FL,DUVAL,Transformation,500000,South
DIXIE M. HOLLINS HIGH SCHOOL,ST PETERSBURG,FL,PINELLAS,Transformation,500000,South
DR. HENRY W. MACK/WEST LITTLE RIVER ELEMENTARY SCH,MIAMI,FL,DADE,Transformation,258108,South
CENTRAL HIGH SCHOOL,BROOKSVILLE,FL,HERNANDO,Transformation,737052,South
NORTH SHORE K-8,JACKSONVILLE,FL,DUVAL,Turnaround,711587,South
GLADES CENTRAL HIGH SCHOOL,BELLE GLADE,FL,PALM BEACH,Transformation,666136,South
NORTH MIAMI SENIOR HIGH SCHOOL,NORTH MIAMI,FL,DADE,Transformation,108015,South
GATEWAY HIGH SCHOOL,KISSIMMEE,FL,OSCEOLA,Transformation,660025,South
EDEN PARK ELEMENTARY SCHOOL,IMMOKALEE,FL,COLLIER,Transformation,617334,South
WEST GADSDEN HIGH SCHOOL,GREENSBORO,FL,GADSDEN,Transformation,737977,South
MIAMI EDISON SENIOR HIGH SCHOOL,MIAMI,FL,DADE,Turnaround,618351,South
MADISON COUNTY HIGH SCHOOL,MADISON,FL,MADISON,Transformation,515138,South
SUNLAND PARK ELEMENTARY SCHOOL,FORT LAUDERDALE,FL,BROWARD,Transformation,713746,South
NATHAN B. FORREST HIGH SCHOOL,JACKSONVILLE,FL,DUVAL,Transformation,759293,South
OSCAR J. POPE ELEMENTARY SCHOOL,LAKELAND,FL,POLK,Transformation,736088,South
NORTH MIAMI MIDDLE SCHOOL,NORTH MIAMI,FL,DADE,Transformation,440823,South
JEFFERSON COUNTY MIDDLE/HIGH SCHOOL,MONTICELLO,FL,JEFFERSON,Transformation,647552,South
LONG BRANCH ELEMENTARY SCHOOL,JACKSONVILLE,FL,DUVAL,Turnaround,500000,South
BOCA CIEGA HIGH SCHOOL,GULFPORT,FL,PINELLAS,Transformation,500000,South
PINE VILLA ELEMENTARY SCHOOL,MIAMI,FL,DADE,Transformation,267620,South
HERNANDO HIGH SCHOOL,BROOKSVILLE,FL,HERNANDO,Transformation,737052,South
ANDREW JACKSON HIGH SCHOOL,JACKSONVILLE,FL,DUVAL,Turnaround,636816,South
LAKE WORTH HIGH SCHOOL,LAKE WORTH,FL,PALM BEACH,Transformation,10496,South
HOLMES ELEMENTARY SCHOOL,MIAMI,FL,DADE,Transformation,276644,South
HAMILTON COUNTY HIGH SCHOOL,JASPER,FL,HAMILTON,Transformation,698427,South
OAK RIDGE HIGH SCHOOL,ORLANDO,FL,ORANGE,Transformation,652965,South
MIAMI NORTHWESTERN SENIOR HIGH,MIAMI,FL,DADE,Turnaround,796553,South
IMMOKALEE HIGH SCHOOL,IMMOKALEE,FL,COLLIER,Transformation,567148,South
WARRINGTON MIDDLE SCHOOL,PENSACOLA,FL,ESCAMBIA,Turnaround,759293,South
MIAMI CENTRAL SENIOR HIGH SCHOOL,MIAMI,FL,DADE,Turnaround,784700,South
WILLISTON HIGH SCHOOL,WILLISTON,FL,LEVY,Transformation,651787,South
MARJORIE KINNAN RAWLINGS ELEMENTARY SCHOOL,GAINESVILLE,FL,ALACHUA,Transformation,627776,South
WILLIAM M. RAINES HIGH SCHOOL,JACKSONVILLE,FL,DUVAL,Turnaround,676989,South
LAKEWOOD HIGH SCHOOL,ST PETERSBURG,FL,PINELLAS,Transformation,500000,South
MIAMI EDISON MIDDLE SCHOOL,MIAMI,FL,DADE,Turnaround,407497,South
MIDDLETON HIGH SCHOOL,TAMPA,FL,HILLSBOROUGH,Transformation,759293,South
JEAN RIBAULT HIGH SCHOOL,JACKSONVILLE,FL,DUVAL,Turnaround,713451,South
RIDGEWOOD HIGH SCHOOL,NEW PORT RICHEY,FL,PASCO,Transformation,759293,South
NORTH COUNTY ELEMENTARY SCHOOL,MIAMI GARDENS,FL,DADE,Turnaround,251911,South
CLEWISTON HIGH SCHOOL,CLEWISTON,FL,HENDRY,Transformation,759293,South
BOOKER T. WASHINGTON SENIOR HIGH,MIAMI,FL,DADE,Turnaround,644329,South
CELEBRATION HIGH SCHOOL,CELEBRATION,FL,OSCEOLA,Transformation,660025,South
FREDERICK R. DOUGLASS ELEMENTARY,MIAMI,FL,DADE,Turnaround,344819,South
CENTRAL HAMILTON ELEMENTARY SCHOOL,JASPER,FL,HAMILTON,Transformation,518789,South
EVANS HIGH SCHOOL,ORLANDO,FL,ORANGE,Transformation,652792,South
MIAMI NORLAND SENIOR HIGH SCHOOL,MIAMI,FL,DADE,Turnaround,742472,South
COCONUT CREEK HIGH SCHOOL,COCONUT CREEK,FL,BROWARD,Transformation,713746,South
A. PHILIP RANDOLPH ACADEMIES,JACKSONVILLE,FL,DUVAL,Transformation,697645,South
MIAMI CAROL CITY SENIOR HIGH,OPA-LOCKA,FL,DADE,Transformation,997322,South
AMOS P. GODBY HIGH SCHOOL,TALLAHASSEE,FL,LEON,Transformation,628602,South
HAWTHORNE MIDDLE/HIGH SCHOOL,HAWTHORNE,FL,ALACHUA,Transformation,635832,South
NORTHWESTERN MIDDLE SCHOOL,JACKSONVILLE,FL,DUVAL,Transformation,500000,South
GIBBS HIGH SCHOOL,ST PETERSBURG,FL,PINELLAS,Transformation,500000,South
CHARLES R. DREW MIDDLE SCHOOL,MIAMI,FL,DADE,Turnaround,369914,South
FRANKLIN MIDDLE MAGNET SCHOOL,TAMPA,FL,HILLSBOROUGH,Transformation,759293,South
PAXON MIDDLE SCHOOL,JACKSONVILLE,FL,DUVAL,Turnaround,633527,South
ROSENWALD ELEMENTARY SCHOOL,SOUTH BAY,FL,PALM BEACH,Transformation,506738,South
BURKE COUNTY HIGH SCHOOL,WAYNESBORO,GA,BURKE COUNTY,Transformation,115158,South
WILLIAM S. HUTCHINGS CAREER CENTER,MACON,GA,BIBB COUNTY,Transformation,955121,South
LANEY HIGH SCHOOL,AUGUSTA,GA,RICHMOND COUNTY,Turnaround,115976,South
CRIM HIGH SCHOOL,ATLANTA,GA,ATLANTA PUBLIC SCHOOLS,Transformation,11667,South
PEACH COUNTY HIGH SCHOOL,FORT VALLEY,GA,PEACH COUNTY,Transformation,185136,South
GRIFFIN HIGH SCHOOL,GRIFFIN,GA,SPALDING COUNTY,Transformation,144427,South
DADE COUNTY HIGH SCHOOL,TRENTON,GA,DADE COUNTY,Transformation,942738,South
GLENN HILLS HIGH SCHOOL,AUGUSTA,GA,RICHMOND COUNTY,Transformation,107896,South
DOUGLASS HIGH SCHOOL,ATLANTA,GA,ATLANTA PUBLIC SCHOOLS,Transformation,788579,South
JORDAN VOCATIONAL HIGH SCHOOL,COLUMBUS,GA,MUSCOGEE COUNTY,Transformation,146453,South
DOOLY COUNTY HIGH SCHOOL,VIENNA,GA,DOOLY COUNTY,Transformation,139306,South
BEACH HIGH SCHOOL,SAVANNAH,GA,CHATHAM COUNTY,Turnaround,122676,South
RIDGELAND HIGH SCHOOL,ROSSVILLE,GA,WALKER COUNTY,Transformation,147015,South
SOUTHWEST HIGH SCHOOL,MACON,GA,BIBB COUNTY,Transformation,119812,South
JOSEY HIGH SCHOOL,AUGUSTA,GA,RICHMOND COUNTY,Transformation,102187,South
GEORGIA SCHOOL FOR THE DEAF,CAVE SPRING,GA,STATE SCHOOLS,Transformation,101486,South
SPENCER HIGH SCHOOL,COLUMBUS,GA,MUSCOGEE COUNTY,Transformation,164154,South
MCNAIR HIGH SCHOOL,ATLANTA,GA,DEKALB COUNTY,Transformation,868746,South
TEMPLE HIGH SCHOOL,TEMPLE,GA,CARROLL COUNTY,Transformation,105401,South
RUTLAND HIGH SCHOOL,MACON,GA,BIBB COUNTY,Transformation,125013,South
STEWART-QUITMAN HIGH SCHOOL,LUMPKIN,GA,STEWART COUNTY,Transformation,688641,South
NORTHEAST HIGH SCHOOL,MACON,GA,BIBB COUNTY,Transformation,112362,South
HAWKINSVILLE HIGH SCHOOL,HAWKINSVILLE,GA,PULASKI COUNTY,Transformation,902342,South
ATLANTA AREA SCHOOL FOR THE DEAF,CLARKSTON,GA,STATE SCHOOLS,Transformation,663957,South
HENRY COUNTY HIGH SCHOOL,MCDONOUGH,GA,HENRY COUNTY,Transformation,140653,South
CLARKSTON HIGH SCHOOL,CLARKSTON,GA,DEKALB COUNTY,Transformation,876027,South
WEEKS MIDDLE SCHOOL,DES MOINES,IA,DES MOINES INDEPENDENT COMM SCHOOL DISTRICT,Transformation,10000,Midwest
NORTH HIGH SCHOOL,DES MOINES,IA,DES MOINES INDEPENDENT COMM SCHOOL DISTRICT,Transformation,10000,Midwest
HOYT MIDDLE SCHOOL,DES MOINES,IA,DES MOINES INDEPENDENT COMM SCHOOL DISTRICT,Transformation,10000,Midwest
JACK M LOGAN MIDDLE SCHOOL,WATERLOO,IA,WATERLOO COMM SCHOOL DISTRICT,Transformation,761197,Midwest
MURTAUGH MIDDLE SCHOOL,MURTAUGH,ID,MURTAUGH JOINT DISTRICT,Transformation,209893,West
JEFFERSON MIDDLE SCHOOL,CALDWELL,ID,CALDWELL DISTRICT,Transformation,286787,West
THORNWOOD HIGH SCHOOL,SOUTH HOLLAND,IL,THORNTON TWP HSD 205,Transformation,170473,Midwest
MANUAL HIGH SCHOOL,PEORIA,IL,PEORIA SD 150,Turnaround,122159,Midwest
MARSHALL METROPOLITAN HIGH SCHOOL,CHICAGO,IL,CITY OF CHICAGO SD 299,Turnaround,195114,Midwest
EGYPTIAN SR HIGH SCHOOL,TAMMS,IL,EGYPTIAN CUSD 5,Transformation,11848,Midwest
HARPER HIGH SCHOOL,CHICAGO,IL,CITY OF CHICAGO SD 299,Turnaround,198187,Midwest
THORNTON TOWNSHIP HIGH SCHOOL,HARVEY,IL,THORNTON TWP HSD 205,Transformation,170473,Midwest
DEPUE HIGH SCHOOL,DEPUE,IL,DEPUE USD 103,Transformation,793604,Midwest
FENGER ACADEMY HIGH SCHOOL,CHICAGO,IL,CITY OF CHICAGO SD 299,Turnaround,185042,Midwest
THORNRIDGE HIGH SCHOOL,DOLTON,IL,THORNTON TWP HSD 205,Transformation,170473,Midwest
PHILLIPS ACADEMY HIGH SCHOOL,CHICAGO,IL,CITY OF CHICAGO SD 299,Restart,179737,Midwest
BENDIX SCHOOL,SOUTH BEND,IN,SOUTH BEND COMMUNITY SCH CORP,Transformation,113677,Midwest
GLENWOOD MIDDLE SCHOOL,EVANSVILLE,IN,EVANSVILLE-VANDERBURGH SCH CORP,Transformation,199941,Midwest
GEORGE WASHINGTON COMMUNITY,INDIANAPOLIS,IN,INDIANAPOLIS PUBLIC SCHOOLS,Turnaround,198496,Midwest
INDIANAPOLIS METROPOLITAN HIGH SCH,INDIANAPOLIS,IN,INDIANAPOLIS METROPOLITAN HIGH SCH,Transformation,735737,Midwest
JOHN MARSHALL COMMUNITY HIGH SCH,INDIANAPOLIS,IN,INDIANAPOLIS PUBLIC SCHOOLS,Turnaround,191676,Midwest
THE CHALLENGE FOUNDATION ACADEMY,INDIANAPOLIS,IN,CHALLENGE FOUNDATION ACADEMY,Transformation,552282,Midwest
HAMMOND HIGH SCHOOL,HAMMOND,IN,SCHOOL CITY OF HAMMOND,Turnaround,199958,Midwest
EMERSON ELEM,KANSAS CITY,KS,KANSAS CITY,Turnaround,108003,Midwest
HIGHLAND PARK HIGH,TOPEKA,KS,TOPEKA PUBLIC SCHOOLS,Transformation,197018,Midwest
SOUTH EAST HIGH,CHEROKEE,KS,CHEROKEE,Transformation,764280,Midwest
LIBERAL  SOUTH MIDDLE,LIBERAL,KS,LIBERAL,Transformation,180378,Midwest
NORTHWEST MIDDLE,KANSAS CITY,KS,KANSAS CITY,Transformation,18984,Midwest
CURTIS MIDDLE SCHOOL,WICHITA,KS,WICHITA,Transformation,10000,Midwest
WESTERN MIDDLE SCHOOL,LOUISVILLE,KY,JEFFERSON COUNTY,Turnaround,429176,South
VALLEY TRADITIONAL HIGH SCHOOL,LOUISVILLE,KY,JEFFERSON COUNTY,Turnaround,588932,South
METCALFE COUNTY HIGH SCHOOL,EDMONTON,KY,METCALFE COUNTY,Transformation,433993,South
SHAWNEE HIGH SCHOOL MAGNET CAREER ACADEM,LOUISVILLE,KY,JEFFERSON COUNTY,Turnaround,437283,South
FERN CREEK TRADITIONAL HIGH SCHOOL,LOUISVILLE,KY,JEFFERSON COUNTY,Turnaround,559459,South
LESLIE COUNTY HIGH SCHOOL,HYDEN,KY,LESLIE COUNTY,Transformation,498795,South
ROBERT FROST MIDDLE SCHOOL,VALLEY STATION,KY,JEFFERSON COUNTY,Turnaround,437283,South
CAVERNA HIGH SCHOOL,HORSE CAVE,KY,CAVERNA INDEPENDENT,Transformation,395523,South
LAWRENCE COUNTY HIGH SCHOOL,LOUISA,KY,LAWRENCE COUNTY,Transformation,808211,South
WESTERN MST MAGNET HIGH SCHOOL,LOUISVILLE,KY,JEFFERSON COUNTY,Turnaround,437283,South
CHELSEA HIGH,CHELSEA,MA,CHELSEA,Transformation,748937,Northeast
THE ENGLISH HIGH,BOSTON,MA,BOSTON,Transformation,927362,Northeast
ELIHU GREENWOOD,HYDE PARK,MA,BOSTON,Transformation,427239,Northeast
ORCHARD GARDENS,ROXBURY,MA,BOSTON,Turnaround,110786,Northeast
PAUL A DEVER,DORCHESTER,MA,BOSTON,Turnaround,863413,Northeast
DEARBORN,ROXBURY,MA,BOSTON,Transformation,420721,Northeast
HARBOR SCHOOL,BOSTON,MA,BOSTON,Turnaround,586623,Northeast
JOHN P HOLLAND,DORCHESTER,MA,BOSTON,Transformation,918500,Northeast
BLACKSTONE,BOSTON,MA,BOSTON,Turnaround,743593,Northeast
M MARCUS KILEY MIDDLE,SPRINGFIELD,MA,SPRINGFIELD,Transformation,767986,Northeast
WILLIAM MONROE TROTTER,DORCHESTER,MA,BOSTON,Turnaround,518312,Northeast
JOHN F KENNEDY,JAMAICA PLAIN,MA,BOSTON,Transformation,407794,Northeast
THURGOOD MARSHALL MIDDLE SCHOOL,TEMPLE HILLS,MD,PRINCE GEORGE'S COUNTY PUBLIC SCHOOLS,Turnaround,773922,South
WILLIAM C. MARCH MIDDLE,BALTIMORE,MD,BALTIMORE CITY PUBLIC SCHOOLS,Restart,956457,South
CHINQUAPIN MIDDLE,BALTIMORE,MD,BALTIMORE CITY PUBLIC SCHOOLS,Restart,465091,South
BENJAMIN STODDERT MIDDLE,TEMPLE HILLS,MD,PRINCE GEORGE'S COUNTY PUBLIC SCHOOLS,Turnaround,773922,South
AUGUSTA FELLS SAVAGE INSTITUTE OF VISUAL ARTS,BALTIMORE,MD,BALTIMORE CITY PUBLIC SCHOOLS,Turnaround,128848,South
CALVERTON,BALTIMORE,MD,BALTIMORE CITY PUBLIC SCHOOLS,Restart,177759,South
G. JAMES GHOLSON MIDDLE,LANDOVER,MD,PRINCE GEORGE'S COUNTY PUBLIC SCHOOLS,Turnaround,831888,South
GARRISON MIDDLE,BALTIMORE,MD,BALTIMORE CITY PUBLIC SCHOOLS,Restart,120707,South
BOOKER T. WASHINGTON MIDDLE,BALTIMORE,MD,BALTIMORE CITY PUBLIC SCHOOLS,Turnaround,928355,South
DREW FREEMAN MIDDLE,SUITLAND,MD,PRINCE GEORGE'S COUNTY PUBLIC SCHOOLS,Turnaround,773922,South
COMMODORE JOHN ROGERS ELEMENTARY,BALTIMORE,MD,BALTIMORE CITY PUBLIC SCHOOLS,Restart,102706,South
LESSENGER ELEMENTARY-MIDDLE SCHOOL,DETROIT,MI,DETROIT CITY SCHOOL DISTRICT,Turnaround,148488,Midwest
E.A. JOHNSON MEMORIAL H.S.,MOUNT MORRIS,MI,MT. MORRIS CONSOLIDATED SCHOOLS,Transformation,679699,Midwest
BUCHANAN HIGH SCHOOL,BUCHANAN,MI,BUCHANAN COMMUNITY SCHOOLS,Transformation,121632,Midwest
WESTWOOD MIDDLE SCHOOL,GRAND RAPIDS,MI,GRAND RAPIDS PUBLIC SCHOOLS,Turnaround,171133,Midwest
ALGER MIDDLE SCHOOL,GRAND RAPIDS,MI,GRAND RAPIDS PUBLIC SCHOOLS,Turnaround,171133,Midwest
WALDRON MIDDLE SCHOOL,WALDRON,MI,WALDRON AREA SCHOOLS,Transformation,273500,Midwest
WHITE ELEMENTARY SCHOOL,HAMTRAMCK,MI,DETROIT CITY SCHOOL DISTRICT,Transformation,122853,Midwest
ARTHUR HILL HIGH SCHOOL,SAGINAW,MI,SAGINAW CITY SCHOOL DISTRICT,Transformation,164933,Midwest
MT. CLEMENS HIGH SCHOOL,MOUNT CLEMENS,MI,MT. CLEMENS COMMUNITY SCHOOL DISTRICT,Transformation,751945,Midwest
ADRIAN HIGH SCHOOL,ADRIAN,MI,ADRIAN CITY SCHOOL DISTRICT,Transformation,948838,Midwest
UNION HIGH SCHOOL,GRAND RAPIDS,MI,GRAND RAPIDS PUBLIC SCHOOLS,Transformation,190709,Midwest
LEE HIGH SCHOOL,WYOMING,MI,GODFREY-LEE PUBLIC SCHOOLS,Transformation,894861,Midwest
LINCOLN HIGH SCHOOL,WARREN,MI,VAN DYKE PUBLIC SCHOOLS,Transformation,416177,Midwest
SOUTHWESTERN HIGH SCHOOL,DETROIT,MI,DETROIT CITY SCHOOL DISTRICT,Turnaround,135109,Midwest
ROMULUS MIDDLE SCHOOL,ROMULUS,MI,ROMULUS COMMUNITY SCHOOLS,Transformation,199852,Midwest
FARWELL MIDDLE SCHOOL,DETROIT,MI,DETROIT CITY SCHOOL DISTRICT,Turnaround,602552,Midwest
INKSTER HIGH SCHOOL,INKSTER,MI,SCHOOL DISTRICT OF THE CITY OF INKSTER,Turnaround,16228,Midwest
WESTON PREPARATORY ACADEMY,DETROIT,MI,WESTON PREPARATORY ACADEMY,Transformation,704180,Midwest
OTTAWA HILLS HIGH SCHOOL,GRAND RAPIDS,MI,GRAND RAPIDS PUBLIC SCHOOLS,Transformation,190709,Midwest
FITZGERALD SENIOR HIGH SCHOOL,WARREN,MI,FITZGERALD PUBLIC SCHOOLS,Transformation,447461,Midwest
SPRINGPORT HIGH SCHOOL,SPRINGPORT,MI,SPRINGPORT PUBLIC SCHOOLS,Transformation,774100,Midwest
NOLAN ELEMENTARY SCHOOL,HIGHLAND PARK,MI,DETROIT CITY SCHOOL DISTRICT,Transformation,121554,Midwest
OAK PARK HIGH SCHOOL,OAK PARK,MI,OAK PARK CITY SCHOOL DISTRICT,Turnaround,196658,Midwest
BUENA VISTA HIGH SCHOOL,SAGINAW,MI,BUENA VISTA SCHOOL DISTRICT,Transformation,815637,Midwest
GRANT HIGH SCHOOL,GRANT,MI,GRANT PUBLIC SCHOOL DISTRICT,Transformation,552326,Midwest
GERALD R. FORD MIDDLE SCHOOL,GRAND RAPIDS,MI,GRAND RAPIDS PUBLIC SCHOOLS,Turnaround,144344,Midwest
PHOENIX ELEMENTARY,DETROIT,MI,DETROIT CITY SCHOOL DISTRICT,Turnaround,811102,Midwest
THOMPSON MIDDLE SCHOOL,SAGINAW,MI,SAGINAW CITY SCHOOL DISTRICT,Transformation,125917,Midwest
WELLSTONE INTERNATIONAL HIGH,MINNEAPOLIS,MN,MINNEAPOLIS PUBLIC SCHOOL DIST.,Transformation,528276,Midwest
EDISON SENIOR HIGH,MINNEAPOLIS,MN,MINNEAPOLIS PUBLIC SCHOOL DIST.,Turnaround,878276,Midwest
CASS LAKE-BENA SECONDARY,CASS LAKE,MN,CASS LAKE-BENA PUBLIC SCHOOLS,Transformation,529518,Midwest
MAXFIELD MAGNET ELEMENTARY,ST. PAUL,MN,ST. PAUL PUBLIC SCHOOL DISTRICT,Transformation,600000,Midwest
NORTH VIEW IB WORLD SCHOOL,BROOKLYN PARK,MN,OSSEO PUBLIC SCHOOL DISTRICT,Transformation,850000,Midwest
BETHUNE ELEMENTARY,MINNEAPOLIS,MN,MINNEAPOLIS PUBLIC SCHOOL DIST.,Transformation,528276,Midwest
BROOKLYN CENTER SECONDARY,BROOKLYN CENTER,MN,BROOKLYN CENTER SCHOOL DISTRICT,Transformation,700000,Midwest
HUMBOLDT SENIOR HIGH,ST. PAUL,MN,ST. PAUL PUBLIC SCHOOL DISTRICT,Turnaround,850000,Midwest
OGILVIE SECONDARY,OGILVIE,MN,OGILVIE PUBLIC SCHOOL DISTRICT,Transformation,561111,Midwest
BROADWAY ARTS & TECHNOLOGY,MINNEAPOLIS,MN,MINNEAPOLIS PUBLIC SCHOOL DIST.,Transformation,403276,Midwest
ISLE SECONDARY,ISLE,MN,ISLE PUBLIC SCHOOL DISTRICT,Transformation,500000,Midwest
BRAHAM AREA SECONDARY,BRAHAM,MN,BRAHAM PUBLIC SCHOOL DISTRICT,Transformation,658042,Midwest
RED LAKE SENIOR HIGH,RED LAKE,MN,RED LAKE PUBLIC SCHOOL DISTRICT,Transformation,561543,Midwest
HMONG INTERNATIONAL ACADEMY,MINNEAPOLIS,MN,MINNEAPOLIS PUBLIC SCHOOL DIST.,Transformation,528276,Midwest
LUCY LANEY @ CLEVELAND PARK ELEM.,MINNEAPOLIS,MN,MINNEAPOLIS PUBLIC SCHOOL DIST.,Turnaround,728276,Midwest
EAST CENTRAL SENIOR SECONDARY,FINLAYSON,MN,EAST CENTRAL SCHOOL DISTRICT,Transformation,500237,Midwest
WAUBUN SECONDARY,WAUBUN,MN,WAUBUN PUBLIC SCHOOL DISTRICT,Transformation,700000,Midwest
NEW VISIONS CHARTER SCHOOL,MINNEAPOLIS,MN,NEW VISIONS CHARTER SCHOOL,Transformation,556636,Midwest
PONEMAH ELEMENTARY,PONEMAH,MN,RED LAKE PUBLIC SCHOOL DISTRICT,Transformation,471654,Midwest
NORMANDY MIDDLE,ST LOUIS,MO,NORMANDY,Transformation,425300,Midwest
COLUMBIA ELEM. COMM. ED. CTR.,ST LOUIS,MO,ST. LOUIS CITY,Turnaround,356608,Midwest
CENTRAL HIGH,KANSAS CITY,MO,KANSAS CITY 33,Transformation,806900,Midwest
MANN ELEM.,ST LOUIS,MO,ST. LOUIS CITY,Turnaround,380419,Midwest
EAST MIDDLE,ST LOUIS,MO,HAZELWOOD,Turnaround,172251,Midwest
HAMILTON ELEM. COMMUNITY ED.,ST LOUIS,MO,ST. LOUIS CITY,Turnaround,363928,Midwest
CARUTHERSVILLE MIDDLE,CARUTHERSVILLE,MO,CARUTHERSVILLE 18,Transformation,379564,Midwest
R. G. CENTRAL MIDDLE,ST LOUIS,MO,RIVERVIEW GARDENS,Turnaround,199415,Midwest
GENESIS SCHOOL INC.,KANSAS CITY,MO,GENESIS SCHOOL INC.,Turnaround,250120,Midwest
WALBRIDGE ELEM. COMMUNITY ED.,ST LOUIS,MO,ST. LOUIS CITY,Turnaround,377942,Midwest
JENNINGS JR. HIGH,JENNINGS,MO,JENNINGS,Transformation,364226,Midwest
LANGSTON MIDDLE,ST LOUIS,MO,ST. LOUIS CITY,Transformation,436579,Midwest
HAYTI HIGH,HAYTI,MO,HAYTI R-II,Transformation,10302,Midwest
FANNING MIDDLE COMMUNITY ED.,ST LOUIS,MO,ST. LOUIS CITY,Transformation,444175,Midwest
CONSTRUCTION CAREERS CENTER,ST LOUIS,MO,CONSTRUCTION CAREERS CENTER,Transformation,533168,Midwest
RIVERVIEW GARDENS SR. HIGH,ST LOUIS,MO,RIVERVIEW GARDENS,Turnaround,512669,Midwest
B. BANNEKER ACADEMY,KANSAS CITY,MO,B. BANNEKER ACADEMY,Turnaround,912903,Midwest
VAN HORN HS AT EAST,KANSAS CITY,MO,KANSAS CITY 33,Transformation,806900,Midwest
VASHON HIGH,ST LOUIS,MO,ST. LOUIS CITY,Turnaround,399827,Midwest
SMITH-HALE JR. HIGH,KANSAS CITY,MO,HICKMAN MILLS C-1,Transformation,169925,Midwest
L'OUVERTURE MIDDLE,ST LOUIS,MO,ST. LOUIS CITY,Transformation,441804,Midwest
MCCLUER SOUTH-BERKELEY HIGH,FERGUSON,MO,FERGUSON-FLORISSANT R-II,Transformation,407822,Midwest
ASHLAND ELEM. AND BR.,ST LOUIS,MO,ST. LOUIS CITY,Turnaround,353737,Midwest
ALTA VISTA CHARTER SCH.,KANSAS CITY,MO,ALTA VISTA CHARTER SCH.,Transformation,256538,Midwest
NORMANDY HIGH,ST LOUIS,MO,NORMANDY,Transformation,402089,Midwest
NORTHEAST HIGH,KANSAS CITY,MO,KANSAS CITY 33,Transformation,806900,Midwest
SIGEL ELEM. COMM. ED. CTR.,ST LOUIS,MO,ST. LOUIS CITY,Turnaround,382436,Midwest
ERVIN JR. HIGH,KANSAS CITY,MO,HICKMAN MILLS C-1,Closure,46872,Midwest
JEFFERSON ELEM.,ST LOUIS,MO,ST. LOUIS CITY,Transformation,340193,Midwest
BERKELEY MIDDLE,BERKELEY,MO,FERGUSON-FLORISSANT R-II,Transformation,307826,Midwest
WESTVIEW MIDDLE,ST LOUIS,MO,RIVERVIEW GARDENS,Turnaround,199415,Midwest
URBAN COM. LEADERSHIP ACADEMY,KANSAS CITY,MO,URBAN COM. LEADERSHIP ACADEMY,Turnaround,966394,Midwest
LEFLORE COUNTY HIGH SCHOOL,ITTA BENA,MS,LEFLORE CO SCHOOL DIST,Transformation,10000,South
HAZLEHURST HIGH SCHOOL,HAZLEHURST,MS,HAZLEHURST CITY SCHOOL DISTRICT,Transformation,12061,South
WINGFIELD HIGH SCHOOL,JACKSON,MS,JACKSON PUBLIC SCHOOL DIST,Transformation,174731,South
W A HIGGINS MIDDLE SCHOOL,CLARKSDALE,MS,CLARKSDALE MUNICIPAL SCHOOL DIST,Transformation,10000,South
GENTRY HIGH SCHOOL,INDIANOLA,MS,INDIANOLA SCHOOL DIST,Transformation,129091,South
PORT GIBSON HIGH SCHOOL,PORT GIBSON,MS,CLAIBORNE CO SCHOOL DIST,Transformation,10000,South
NORTH PANOLA HIGH SCHOOL,SARDIS,MS,NORTH PANOLA SCHOOLS,Transformation,790586,South
HAZLEHURST MIDDLE SCHOOL,HAZLEHURST,MS,HAZLEHURST CITY SCHOOL DISTRICT,Transformation,143209,South
PLENTY COUPS HIGH SCHOOL,PRYOR,MT,PLENTY COUPS H S,Transformation,380711,West
PRYOR 7-8,PRYOR,MT,PRYOR ELEM,Transformation,134368,West
FRAZER HIGH SCHOOL,FRAZER,MT,FRAZER H S,Transformation,799203,West
PRYOR ELEM SCHOOL,PRYOR,MT,PRYOR ELEM,Transformation,380711,West
LAME DEER HIGH SCHOOL,LAME DEER,MT,LAME DEER H S,Transformation,137653,West
LODGE GRASS HIGH SCHOOL,LODGE GRASS,MT,LODGE GRASS H S,Transformation,129044,West
KENNEDY LEARNING,WINSTON SALEM,NC,FORSYTH COUNTY SCHOOLS,Transformation,504908,South
BURKE ALTERNATIVE SCHOOL,MORGANTON,NC,BURKE COUNTY SCHOOLS,Transformation,316901,South
LUMBERTON SENIOR HIGH,LUMBERTON,NC,ROBESON COUNTY SCHOOLS,Transformation,10000,South
SOUTH CENTRAL HIGH,WINTERVILLE,NC,PITT COUNTY SCHOOLS,Transformation,946400,South
WEST MECKLENBURG HIGH,CHARLOTTE,NC,CHARLOTTE-MECKLENBURG SCHOOLS,Transformation,879391,South
OAK HILL ELEMENTARY,HIGH POINT,NC,GUILFORD COUNTY SCHOOLS,Turnaround,954735,South
BUNCOMBE COMMUNITY-EAST,SWANNANOA,NC,BUNCOMBE COUNTY SCHOOLS,Turnaround,11651,South
FAIRMONT HIGH,FAIRMONT,NC,ROBESON COUNTY SCHOOLS,Transformation,903372,South
NORTH PITT HIGH,BETHEL,NC,PITT COUNTY SCHOOLS,Transformation,728000,South
CATAWBA VALLEY HIGH,HICKORY,NC,HICKORY CITY SCHOOLS,Turnaround,109594,South
WARLICK SCHOOL,GASTONIA,NC,GASTON COUNTY SCHOOLS,Turnaround,766415,South
DURHAM'S PERFORMANCE LEARNING,DURHAM,NC,DURHAM PUBLIC SCHOOLS,Transformation,883395,South
GOLDSBORO HIGH,GOLDSBORO,NC,WAYNE COUNTY PUBLIC SCHOOLS,Transformation,962048,South
BRUNSWICK LEARNING CENTER,SOUTHPORT,NC,BRUNSWICK COUNTY SCHOOLS,Transformation,665360,South
W L GREENE ALTERNATIVE,NASHVILLE,NC,NASH-ROCKY MOUNT SCHOOLS,Transformation,421116,South
FARMVILLE CENTRAL HIGH,FARMVILLE,NC,PITT COUNTY SCHOOLS,Transformation,618800,South
SOUTHEAST HALIFAX HIGH,HALIFAX,NC,HALIFAX COUNTY SCHOOLS,Transformation,11709,South
PETREE ELEMENTARY,WINSTON-SALEM,NC,FORSYTH COUNTY SCHOOLS,Turnaround,100491,South
HENDERSON INDEPENDENT HIGH,SALISBURY,NC,ROWAN-SALISBURY SCHOOLS,Turnaround,816000,South
ANSON CHALLENGE ACADEMY,WADESBORO,NC,ANSON COUNTY SCHOOLS,Restart,730689,South
E E WADDELL HIGH,CHARLOTTE,NC,CHARLOTTE-MECKLENBURG SCHOOLS,Transformation,693605,South
WALKER-SPIVEY,FAYETTEVILLE,NC,CUMBERLAND COUNTY SCHOOLS,Transformation,630752,South
ENFIELD MIDDLE,ENFIELD,NC,HALIFAX COUNTY SCHOOLS,Transformation,870080,South
MANDAREE HIGH SCHOOL,MANDAREE,ND,MANDAREE 36,Transformation,418574,Midwest
SANTEE ELEMENTARY SCHOOL,NIOBRARA,NE,SANTEE COMMUNITY SCHOOLS,Transformation,510953,Midwest
CRAWFORD ELEMENTARY SCHOOL,CRAWFORD,NE,CRAWFORD PUBLIC SCHOOLS,Transformation,429450,Midwest
MINATARE ELEMENTARY SCHOOL,MINATARE,NE,MINATARE PUBLIC SCHOOLS,Transformation,474603,Midwest
WINNEBAGO HIGH SCHOOL,WINNEBAGO,NE,WINNEBAGO PUBLIC SCHOOLS,Transformation,724045,Midwest
MADISON ELEMENTARY SCHOOL,MADISON,NE,MADISON PUBLIC SCHOOLS,Transformation,465550,Midwest
SANTEE HIGH SCHOOL,NIOBRARA,NE,SANTEE COMMUNITY SCHOOLS,Transformation,542500,Midwest
ELLIOTT ELEMENTARY SCHOOL,LINCOLN,NE,LINCOLN PUBLIC SCHOOLS,Transformation,930978,Midwest
PITTSFIELD HIGH SCHOOL,PITTSFIELD,NH,PITTSFIELD SCHOOL DISTRICT,Transformation,344358,Northeast
NUTE HIGH SCHOOL,MILTON,NH,MILTON SCHOOL DISTRICT,Transformation,421278,Northeast
SOUTHSIDE MIDDLE SCHOOL,MANCHESTER,NH,MANCHESTER SCHOOL DISTRICT,Transformation,346179,Northeast
NUTE JUNIOR HIGH SCHOOL,MILTON,NH,MILTON SCHOOL DISTRICT,Transformation,337678,Northeast
PARKER-VARNEY SCHOOL,MANCHESTER,NH,MANCHESTER SCHOOL DISTRICT,Transformation,444472,Northeast
PITTSFIELD MIDDLE SCHOOL,PITTSFIELD,NH,PITTSFIELD SCHOOL DISTRICT,Transformation,344358,Northeast
GOSSLER PARK SCHOOL,MANCHESTER,NH,MANCHESTER SCHOOL DISTRICT,Transformation,423281,Northeast
ESSEX CTY VOC-WEST CALDW,WEST CALDWELL,NJ,ESSEX COUNTY VOCATIONAL S,Transformation,526481,Northeast
DAYTON ST,NEWARK,NJ,NEWARK,Transformation,166069,Northeast
RENAISSANCE ACADEMY,NEWARK,NJ,NEWARK,Restart,17529,Northeast
U S WIGGINS,CAMDEN,NJ,CAMDEN CITY,Transformation,108077,Northeast
MALCOLM X SHABAZZ HIGH,NEWARK,NJ,NEWARK,Turnaround,179302,Northeast
FRED W  MARTIN #41,JERSEY CITY,NJ,JERSEY CITY,Turnaround,199968,Northeast
CRAMER,CAMDEN,NJ,CAMDEN CITY,Transformation,111495,Northeast
TRENTON CENTRAL HIGH,TRENTON,NJ,TRENTON,Transformation,159639,Northeast
NEWARK VOCATIONAL H S,NEWARK,NJ,NEWARK,Transformation,136924,Northeast
HENRY SNYDER,JERSEY CITY,NJ,JERSEY CITY,Turnaround,199315,Northeast
ABRAHAM CLARK HIGH,ROSELLE,NJ,ROSELLE BOROUGH,Transformation,160469,Northeast
CENTRAL,NEWARK,NJ,NEWARK,Transformation,193035,Northeast
R. SARRACINO MIDDLE,SOCORRO,NM,SOCORRO CONSOLIDATED SCHOOLS,Transformation,975000,West
LAGUNA-ACOMA HIGH,NEW LAGUNA,NM,GRANTS-CIBOLA COUNTY SCHOOLS,Transformation,10000,West
EL CAMINO REAL ACADEMY,ALBUQUERQUE,NM,ALBUQUERQUE PUBLIC SCHOOLS,Transformation,10000,West
CROWNPOINT HIGH,CROWNPOINT,NM,GALLUP-MCKINLEY CTY SCHOOLS,Transformation,10000,West
ERNIE PYLE MIDDLE,ALBUQUERQUE,NM,ALBUQUERQUE PUBLIC SCHOOLS,Transformation,10000,West
RAMIREZ THOMAS ELEM,SANTA FE,NM,SANTA FE PUBLIC SCHOOLS,Turnaround,10000,West
NEWCOMB HIGH,NEWCOMB,NM,CENTRAL CONSOLIDATED SCHOOLS,Transformation,10000,West
LYBROOK ELEMENTARY,CUBA,NM,JEMEZ MOUNTAIN PUBLIC SCHOOLS,Transformation,500000,West
NASCHITTI ELEMENTARY,SHEEP SPRINGS,NM,CENTRAL CONSOLIDATED SCHOOLS,Transformation,500000,West
ECHO LODER ELEMENTARY SCHOOL,RENO,NV,WASHOE COUNTY SCHOOL DISTRICT,Transformation,424326,West
RANCHO HIGH SCHOOL,NORTH LAS VEGAS,NV,CLARK COUNTY SCHOOL DISTRICT,Transformation,100202,West
WILLIAM O'BRIEN MIDDLE SCHOOL,RENO,NV,WASHOE COUNTY SCHOOL DISTRICT,Transformation,494913,West
KIT CARSON ELEMENTARY SCHOOL,LAS VEGAS,NV,CLARK COUNTY SCHOOL DISTRICT,Turnaround,763905,West
GLENN DUNCAN ELEMENTARY SCHOOL,RENO,NV,WASHOE COUNTY SCHOOL DISTRICT,Turnaround,505777,West
ARCHIE CLAYTON MIDDLE SCHOOL,RENO,NV,WASHOE COUNTY SCHOOL DISTRICT,Transformation,477071,West
VETERANS MEMORIAL ELEMENTARY SCHOOL,RENO,NV,WASHOE COUNTY SCHOOL DISTRICT,Transformation,427337,West
GEORGE L DILWORTH MIDDLE SCHOOL,SPARKS,NV,WASHOE COUNTY SCHOOL DISTRICT,Transformation,576840,West
EAGLE VALLEY MIDDLE SCHOOL,CARSON CITY,NV,CARSON CITY SCHOOL DISTRICT,Transformation,654043,West
SMITHRIDGE ELEMENTARY SCHOOL,RENO,NV,WASHOE COUNTY SCHOOL DISTRICT,Turnaround,567154,West
SOUTH PARK HIGH SCHOOL,BUFFALO,NY,BUFFALO CITY SCHOOL DISTRICT,Transformation,10000,Northeast
WILLIAM E GRADY VOCATIONAL HIGH SCHOOL,BROOKLYN,NY,NEW YORK CITY GEOGRAPHIC DISTRICT #21,Transformation,136581,Northeast
LONG ISLAND CITY HIGH SCHOOL,LONG ISLAND CITY,NY,NEW YORK CITY GEOGRAPHIC DISTRICT #30,Transformation,10000,Northeast
ROOSEVELT HIGH SCHOOL,YONKERS,NY,YONKERS CITY SCHOOL DISTRICT,Transformation,10000,Northeast
Robert Brown High School of Construction and Design,Rochester,NY,Rochester City School District,Turnaround,178685,Northeast
BREAD & ROSES INTEGRATED ARTS HIGH SCHOOL,NEW YORK,NY,NEW YORK CITY GEOGRAPHIC DISTRICT # 5,Transformation,850510,Northeast
DELAWARE ELEMENTARY SCHOOL,SYRACUSE,NY,SYRACUSE CITY SCHOOL DISTRICT,Transformation,10000,Northeast
INTERNATIONAL SCHOOL,BUFFALO,NY,BUFFALO CITY SCHOOL DISTRICT,Transformation,10000,Northeast
FRANKLIN D ROOSEVELT HIGH SCHOOL,BROOKLYN,NY,NEW YORK CITY GEOGRAPHIC DISTRICT #20,Transformation,10000,Northeast
QUEENS VOCATIONAL AND TECHNICAL HIGH SCHOOL,LONG ISLAND CITY,NY,NEW YORK CITY GEOGRAPHIC DISTRICT #24,Transformation,130051,Northeast
EMERSON MIDDLE SCHOOL,YONKERS,NY,YONKERS CITY SCHOOL DISTRICT,Turnaround,10000,Northeast
Vanguard Collegiate High School,Rochester,NY,Rochester City School District,Turnaround,122114,Northeast
CHELSEA CAREER AND TECHNICAL EDUCATION HIGH SCHOOL,NEW YORK,NY,NEW YORK CITY GEOGRAPHIC DISTRICT # 2,Transformation,959246,Northeast
GLOBAL MEDIA ARTS HS AT FRANKLIN,ROCHESTER,NY,ROCHESTER CITY SCHOOL DISTRICT,Turnaround,137761,Northeast
"DR MARTIN LUTHER KING, JR MULTICULTURAL INSTITUTE",BUFFALO,NY,BUFFALO CITY SCHOOL DISTRICT,Transformation,188422,Northeast
FLUSHING HIGH SCHOOL,FLUSHING,NY,NEW YORK CITY GEOGRAPHIC DISTRICT #25,Transformation,10000,Northeast
COBBLE HILL SCHOOL OF AMERICAN STUDIES,BROOKLYN,NY,NEW YORK CITY GEOGRAPHIC DISTRICT #15,Transformation,994888,Northeast
HUGHES ELEMENTARY SCHOOL,SYRACUSE,NY,SYRACUSE CITY SCHOOL DISTRICT,Transformation,10000,Northeast
UNITY CENTER FOR URBAN TECHNOLOGIES,NEW YORK,NY,NEW YORK CITY GEOGRAPHIC DISTRICT # 2,Transformation,757113,Northeast
EAST HIGH SCHOOL,ROCHESTER,NY,ROCHESTER CITY SCHOOL DISTRICT,Transformation,19525,Northeast
BENNETT HIGH SCHOOL,BUFFALO,NY,BUFFALO CITY SCHOOL DISTRICT,Transformation,10000,Northeast
AUTOMOTIVE HIGH SCHOOL,BROOKLYN,NY,NEW YORK CITY GEOGRAPHIC DISTRICT #14,Transformation,117372,Northeast
Rochester STEM High School,Rochester,NY,Rochester City School District,Turnaround,185579,Northeast
SCHOOL FOR GLOBAL STUDIES,BROOKLYN,NY,NEW YORK CITY GEOGRAPHIC DISTRICT #15,Transformation,890934,Northeast
GEORGE FOWLER HIGH SCHOOL,SYRACUSE,NY,SYRACUSE CITY SCHOOL DISTRICT,Transformation,10000,Northeast
WOODLAND HILLS SCHOOL,CLEVELAND,OH,CLEVELAND MUNICIPAL,Turnaround,723790,Midwest
CRITTENTON COMMUNITY SCHOOL,COLUMBUS,OH,CRITTENTON COMMUNITY SCHOOL,Transformation,246750,Midwest
EAST HIGH SCHOOL,YOUNGSTOWN,OH,YOUNGSTOWN CITY SCHOOLS,Transformation,805793,Midwest
FRANKLIN D. ROOSEVELT,CLEVELAND,OH,CLEVELAND MUNICIPAL,Turnaround,725800,Midwest
DUNBAR HIGH SCHOOL,DAYTON,OH,DAYTON CITY,Transformation,350537,Midwest
GLENVILLE HIGH SCHOOL,CLEVELAND,OH,CLEVELAND MUNICIPAL,Turnaround,691110,Midwest
WEST HIGH SCHOOL,COLUMBUS,OH,COLUMBUS CITY,Transformation,948140,Midwest
WOODWARD CAREER TECHNICAL HIGH SCHOOL,CINCINNATI,OH,CINCINNATI CITY,Transformation,10000,Midwest
CHAMPION MIDDLE SCHOOL,COLUMBUS,OH,COLUMBUS CITY,Transformation,104115,Midwest
ROTHENBERG PREPARATORY ACADEMY,CINCINNATI,OH,CINCINNATI CITY,Transformation,949658,Midwest
KEIFER ALTERNATIVE CENTER,SPRINGFIELD,OH,SPRINGFIELD CITY,Transformation,10000,Midwest
LINCOLN-WEST HIGH SCHOOL,CLEVELAND,OH,CLEVELAND MUNICIPAL,Turnaround,109111,Midwest
BELMONT HIGH SCHOOL,DAYTON,OH,DAYTON CITY,Transformation,350537,Midwest
EAST TECHNICAL HIGH SCHOOL,CLEVELAND,OH,CLEVELAND MUNICIPAL,Turnaround,109111,Midwest
WEINLAND PARK ELEMENTARY SCHOOL,COLUMBUS,OH,COLUMBUS CITY,Transformation,825100,Midwest
VIRTUAL HIGH SCHOOL,CINCINNATI,OH,CINCINNATI CITY,Transformation,797726,Midwest
BELLEFAIRE,UNIVERSITY HTS,OH,CLEVELAND HEIGHTS-UNIVERSITY HEIGHTS CITY,Transformation,712097,Midwest
GEORGE HAYS - JENNIE PORTER,CINCINNATI,OH,CINCINNATI CITY,Transformation,108635,Midwest
PATRICK HENRY SCHOOL,CLEVELAND,OH,CLEVELAND MUNICIPAL,Transformation,451750,Midwest
PROGRESSIVE ACADEMY,LIMA,OH,LIMA CITY,Transformation,175685,Midwest
LUIS MUNOZ MARIN SCHOOL,CLEVELAND,OH,CLEVELAND MUNICIPAL,Transformation,451750,Midwest
ALUM CREST HIGH SCHOOL,COLUMBUS,OH,COLUMBUS CITY,Transformation,774900,Midwest
COLLINWOOD HIGH SCHOOL,CLEVELAND,OH,CLEVELAND MUNICIPAL,Turnaround,109111,Midwest
SOUTHMOOR MIDDLE SCHOOL,COLUMBUS,OH,COLUMBUS CITY,Transformation,10000,Midwest
WILLIAM H TAFT ELEMENTARY SCHOOL,CINCINNATI,OH,CINCINNATI CITY,Transformation,100268,Midwest
MARTIN LUTHER KING JR CAREER CAMPUS,CLEVELAND,OH,CLEVELAND MUNICIPAL,Transformation,584250,Midwest
SCHOLARTS PREPARATORY AND CAREER CENTER FOR CHILDR,COLUMBUS,OH,SCHOLARTS PREPARATORY AND CAREER CENTER FOR CHILDREN,Transformation,500000,Midwest
ODYSSEY: SCHOOL OF POSSIBILITIES,YOUNGSTOWN,OH,YOUNGSTOWN CITY SCHOOLS,Transformation,913139,Midwest
MARY B MARTIN SCHOOL,CLEVELAND,OH,CLEVELAND MUNICIPAL,Turnaround,723790,Midwest
MEADOWDALE HIGH SCHOOL,DAYTON,OH,DAYTON CITY,Transformation,350537,Midwest
JOHN F KENNEDY HIGH SCHOOL,CLEVELAND,OH,CLEVELAND MUNICIPAL,Turnaround,109111,Midwest
WELCOME CENTER HIGH,COLUMBUS,OH,COLUMBUS CITY,Transformation,10000,Midwest
CARL & LOUIS STOKES CENTRAL ACADEMY,CLEVELAND,OH,CLEVELAND MUNICIPAL,Transformation,451750,Midwest
LINDEN-MCKINLEY HIGH SCHOOL,COLUMBUS,OH,COLUMBUS CITY,Transformation,14775,Midwest
SOUTH AVONDALE ELEMENTARY SCHOOL,CINCINNATI,OH,CINCINNATI CITY,Transformation,994001,Midwest
GILCREASE MS,TULSA,OK,TULSA,Transformation,158356,South
CLINTON MS,TULSA,OK,TULSA,Transformation,113967,South
F.D. MOON ACADEMY,OKLAHOMA CITY,OK,OKLAHOMA CITY,Transformation,152716,South
WILL ROGERS HS,TULSA,OK,TULSA,Transformation,117124,South
CENTRAL HS,TULSA,OK,TULSA,Transformation,858523,South
CRUTCHO PUBLIC SCHOOL,OKLAHOMA CITY,OK,CRUTCHO,Transformation,973201,South
NATHAN HALE HS,TULSA,OK,TULSA,Transformation,103708,South
DOUGLASS MS,OKLAHOMA CITY,OK,OKLAHOMA CITY,Transformation,11395,South
EAST CENTRAL HS,TULSA,OK,TULSA,Transformation,107752,South
U. S. GRANT HS,OKC,OK,OKLAHOMA CITY,Turnaround,173743,South
SPANISH-ENGLISH INTERNATIONAL SCHOOL,PORTLAND,OR,PORTLAND SD 1J,Transformation,766667,West
ONTARIO HIGH SCHOOL,ONTARIO,OR,ONTARIO SD 8C,Transformation,11704,West
HALLMAN ELEMENTARY SCHOOL,SALEM,OR,SALEM-KEIZER SD 24J,Transformation,950000,West
EAGLERIDGE HIGH SCHOOL,KLAMATH FALLS,OR,KLAMATH FALLS CITY SCHOOLS,Transformation,617966,West
MCKAY HIGH SCHOOL,SALEM,OR,SALEM-KEIZER SD 24J,Transformation,19015,West
"ARTS, COMMUNICATION & TECHNOLOGY SCHOOL",PORTLAND,OR,PORTLAND SD 1J,Transformation,766667,West
MADRAS HIGH SCHOOL,MADRAS,OR,JEFFERSON COUNTY SD 509J,Transformation,118595,West
ROBERTS HIGH SCHOOL,SALEM,OR,SALEM-KEIZER SD 24J,Transformation,616667,West
PURSUIT OF WELLNESS EDUCATION AT ROOSEVELT CAMPUS,PORTLAND,OR,PORTLAND SD 1J,Transformation,119072,West
OREGON CITY SERVICE LEARNING ACADEMY,OREGON CITY,OR,OREGON CITY SD 62,Transformation,441740,West
MARSHALL HIGH SCHOOL,BEND,OR,BEND-LAPINE ADMINISTRATIVE SD 1,Transformation,747268,West
EARLY COLLEGE HIGH SCHOOL,SALEM,OR,SALEM-KEIZER SD 24J,Transformation,616667,West
SAYRE WILLIAM L MS,PHILADELPHIA,PA,PHILADELPHIA CITY SD,Transformation,737032,Northeast
CENTRAL DAUPHIN EAST SHS,HARRISBURG,PA,CENTRAL DAUPHIN SD,Transformation,699963,Northeast
KING MARTIN LUTHER HS,PHILADELPHIA,PA,PHILADELPHIA CITY SD,Transformation,786964,Northeast
DOUGLAS STEPHEN A SCH,PHILADELPHIA,PA,PHILADELPHIA CITY SD,Restart,319320,Northeast
PARK LANE EL SCH,DARBY,PA,WILLIAM PENN SD,Transformation,283200,Northeast
FRANCIS D RAUB MS,ALLENTOWN,PA,ALLENTOWN CITY SD,Transformation,500000,Northeast
LOCKE ALAIN SCH,PHILADELPHIA,PA,PHILADELPHIA CITY SD,Transformation,390938,Northeast
ALCORN JAMES SCH,PHILADELPHIA,PA,PHILADELPHIA CITY SD,Transformation,338726,Northeast
STEELTON-HIGHSPIRE HS,STEELTON,PA,STEELTON-HIGHSPIRE SD,Turnaround,280500,Northeast
PERSEUS HOUSE CS OF EXCELLENCE,ERIE,PA,PERSEUS HOUSE CS OF EXCELLENCE,Transformation,686000,Northeast
GERMANTOWN HS,PHILADELPHIA,PA,PHILADELPHIA CITY SD,Transformation,798792,Northeast
MOUNT UNION AREA SHS,MOUNT UNION,PA,MOUNT UNION AREA SD,Transformation,848867,Northeast
ROONEY ARTHUR J MS,PITTSBURGH,PA,PITTSBURGH SD,Closure,208773,Northeast
ROXBOROUGH HS,PHILADELPHIA,PA,PHILADELPHIA CITY SD,Transformation,641440,Northeast
HAND MS,LANCASTER,PA,LANCASTER SD,Turnaround,551611,Northeast
LANGLEY HS,PITTSBURGH,PA,PITTSBURGH SD,Transformation,312714,Northeast
TREXLER MS,ALLENTOWN,PA,ALLENTOWN CITY SD,Transformation,250000,Northeast
UNIVERSITY CITY HS,PHILADELPHIA,PA,PHILADELPHIA CITY SD,Turnaround,923999,Northeast
SMEDLEY FRANKLIN SCH,PHILADELPHIA,PA,PHILADELPHIA CITY SD,Restart,362773,Northeast
PENN WOOD HS - GREEN AVE CAMPUS,LANSDOWNE,PA,WILLIAM PENN SD,Transformation,626150,Northeast
HARRISON-MORTON MS,ALLENTOWN,PA,ALLENTOWN CITY SD,Transformation,350000,Northeast
WEST PHILADELPHIA HS,PHILADELPHIA,PA,PHILADELPHIA CITY SD,Transformation,671142,Northeast
HARRITY WILLIAM F SCH,PHILADELPHIA,PA,PHILADELPHIA CITY SD,Restart,980283,Northeast
ACADEMY PARK HS,SHARON HILL,PA,SOUTHEAST DELCO SD,Transformation,958375,Northeast
WEST PHILA. ACHIEVEMENT CES,PHILADELPHIA,PA,WEST PHILA. ACHIEVEMENT CES,Transformation,318875,Northeast
FRANKFORD HS,PHILADELPHIA,PA,PHILADELPHIA CITY SD,Transformation,792001,Northeast
MCKEESPORT AREA SHS,MC KEESPORT,PA,MCKEESPORT AREA SD,Transformation,10000,Northeast
OLIVER HS,PITTSBURGH,PA,PITTSBURGH SD,Transformation,542588,Northeast
VAUX ROBERTS HS,PHILADELPHIA,PA,PHILADELPHIA CITY SD,Turnaround,466665,Northeast
CAREER TECHNOLOGY ACADEMY,HARRISBURG,PA,HARRISBURG CITY SD,Closure,300000,Northeast
CLEMENTE ROBERTO MS,PHILADELPHIA,PA,PHILADELPHIA CITY SD,Turnaround,333327,Northeast
FELS SAMUEL HS,PHILADELPHIA,PA,PHILADELPHIA CITY SD,Transformation,974132,Northeast
LOUIS E DIERUFF HS,ALLENTOWN,PA,ALLENTOWN CITY SD,Transformation,500000,Northeast
ALLEN DR ETHEL SCH,PHILADELPHIA,PA,PHILADELPHIA CITY SD,Turnaround,247020,Northeast
FELTONVILLE INTERMEDIATE SCHOOL,PHILADELPHIA,PA,PHILADELPHIA CITY SD,Transformation,244855,Northeast
PENN WOOD MS,DARBY,PA,WILLIAM PENN SD,Transformation,287500,Northeast
CENTRAL EL SCH,ALLENTOWN,PA,ALLENTOWN CITY SD,Transformation,650000,Northeast
SOUTH PHILADELPHIA HS,PHILADELPHIA,PA,PHILADELPHIA CITY SD,Transformation,579958,Northeast
OLNEY HS WEST,PHILADELPHIA,PA,PHILADELPHIA CITY SD,Transformation,272245,Northeast
BRASHEAR HS,PITTSBURGH,PA,PITTSBURGH SD,Transformation,267754,Northeast
EDISON HS/FAREIRA SKILLS,PHILADELPHIA,PA,PHILADELPHIA CITY SD,Transformation,10000,Northeast
MCCASKEY CAMPUS,LANCASTER,PA,LANCASTER SD,Transformation,616432,Northeast
WESTINGHOUSE HS,PITTSBURGH,PA,PITTSBURGH SD,Transformation,606437,Northeast
STETSON JOHN B MS,PHILADELPHIA,PA,PHILADELPHIA CITY SD,Restart,888708,Northeast
DUQUESNE CONSOLIDATED SCH,DUQUESNE,PA,DUQUESNE CITY SD,Transformation,523313,Northeast
DAROFF SAMUEL SCH,PHILADELPHIA,PA,PHILADELPHIA CITY SD,Restart,658247,Northeast
BLUFORD GUION EL SCH,PHILADELPHIA,PA,PHILADELPHIA CITY SD,Restart,907129,Northeast
WILLIAM ALLEN HS,ALLENTOWN,PA,ALLENTOWN CITY SD,Transformation,350000,Northeast
CLYMER GEORGE SCH,PHILADELPHIA,PA,PHILADELPHIA CITY SD,Transformation,392068,Northeast
MANN WILLIAM B SCH,PHILADELPHIA,PA,PHILADELPHIA CITY SD,Restart,794021,Northeast
TURKEYFOOT VALLEY AREA JSHS,CONFLUENCE,PA,TURKEYFOOT VALLEY AREA SD,Transformation,286500,Northeast
PHILADELPHIA MONTESSORI CS,PHILADELPHIA,PA,PHILADELPHIA MONTESSORI CS,Transformation,305763,Northeast
GRATZ SIMON HS,PHILADELPHIA,PA,PHILADELPHIA CITY SD,Transformation,508486,Northeast
PENN HILLS SHS,PITTSBURGH,PA,PENN HILLS SD,Transformation,109958,Northeast
KING M L EL SCH,PITTSBURGH,PA,PITTSBURGH SD,Transformation,234233,Northeast
LINCOLN HS,PHILADELPHIA,PA,PHILADELPHIA CITY SD,Transformation,10000,Northeast
PERRY TRADITIONAL ACADEMY,PITTSBURGH,PA,PITTSBURGH SD,Transformation,320412,Northeast
REYNOLDS MS,LANCASTER,PA,LANCASTER SD,Transformation,531891,Northeast
RIDGELAND MIDDLE,RIDGELAND,SC,JASPER 01,Transformation,573338,South
J V MARTIN JR HIGH,DILLON,SC,DILLON 02,Transformation,908486,South
DENMARK-OLAR MIDDLE,DENMARK,SC,BAMBERG 02,Transformation,571626,South
KINGSTREE JR HIGH,KINGSTREE,SC,WILLIAMSBURG 01,Transformation,639839,South
EAU CLAIRE HIGH,COLUMBIA,SC,RICHLAND 01,Transformation,717125,South
ESTILL HIGH,ESTILL,SC,HAMPTON 02,Transformation,502925,South
MANNING JUNIOR HIGH,MANNING,SC,CLARENDON 02,Transformation,672451,South
DENMARK OLAR HIGH,DENMARK,SC,BAMBERG 02,Transformation,571626,South
WHITLOCK JR HIGH,SPARTANBURG,SC,SPARTANBURG 07,Closure,254323,South
WEST LEE ELEM,REMBERT,SC,LEE 01,Transformation,698507,South
ESTILL MIDDLE,ESTILL,SC,HAMPTON 02,Transformation,503608,South
N CHARLESTON HIGH,NORTH CHARLESTON,SC,CHARLESTON 01,Transformation,756937,South
ALLENDALE-FAIRFAX MIDDLE,FAIRFAX,SC,ALLENDALE 01,Transformation,449430,South
CARVER JR HIGH,SPARTANBURG,SC,SPARTANBURG 07,Transformation,126267,South
HARDEEVILLE MIDDLE/HIGH,HARDEEVILLE,SC,JASPER 01,Transformation,579145,South
CAROLINA HIGH,GREENVILLE,SC,GREENVILLE 01,Transformation,905959,South
MORNINGSIDE MIDDLE,NORTH CHARLESTON,SC,CHARLESTON 01,Transformation,712019,South
FAIRFAX ELEM,FAIRFAX,SC,ALLENDALE 01,Transformation,411971,South
C A JOHNSON PREPATORY ACAD,COLUMBIA,SC,RICHLAND 01,Transformation,717125,South
FAMILY IMMERSION CENTER MIDDLE - 53,SIOUX FALLS,SD,SIOUX FALLS SCHOOL DISTRICT 49-5,Turnaround,168131,Midwest
NEW UNDERWOOD HIGH SCHOOL - 01,NEW UNDERWOOD,SD,NEW UNDERWOOD SCHOOL DISTRICT 51-3,Transformation,362759,Midwest
NORTHSIDE HIGH SCHOOL,MEMPHIS,TN,MEMPHIS CITY SCHOOL DISTRICT,Turnaround,267249,South
HAMILTON HIGH SCHOOL,MEMPHIS,TN,MEMPHIS CITY SCHOOL DISTRICT,Transformation,274487,South
HOWARD ACADEMY OF ACADEMICS TECHNOLOGY,CHATTANOOGA,TN,HAMILTON COUNTY SCHOOL DISTRCT,Turnaround,629999,South
TREZEVANT HIGH SCHOOL,MEMPHIS,TN,MEMPHIS CITY SCHOOL DISTRICT,Transformation,306934,South
FRAYSER MIDDLE/ HIGH SCHOOL,MEMPHIS,TN,MEMPHIS CITY SCHOOL DISTRICT,Transformation,248250,South
HIXSON HIGH SCHOOL,HIXSON,TN,HAMILTON COUNTY SCHOOL DISTRCT,Transformation,620296,South
SHEFFIELD HIGH SCHOOL,MEMPHIS,TN,MEMPHIS CITY SCHOOL DISTRICT,Turnaround,376370,South
MANASSAS HIGH SCHOOL,MEMPHIS,TN,MEMPHIS CITY SCHOOL DISTRICT,Turnaround,269863,South
MOUNT PLEASANT HIGH SCHOOL,MT PLEASANT,TN,MAURY COUNTY SCHOOL DISTRICT,Transformation,736026,South
RALEIGH EGYPT MIDDLE SCHOOL,MEMPHIS,TN,MEMPHIS CITY SCHOOL DISTRICT,Turnaround,103092,South
KINGSBURY MIDDLE/HIGH SCHOOL,MEMPHIS,TN,MEMPHIS CITY SCHOOL DISTRICT,Transformation,259513,South
AUSTIN EAST HIGH/MAGNET SCHOOL,KNOXVILLE,TN,KNOX COUNTY SCHOOL DISTRICT,Turnaround,905629,South
ODYSSEY ELEMENTARY,OGDEN,UT,OGDEN DISTRICT,Transformation,549444,West
BLUFF SCHOOL,BLUFF,UT,SAN JUAN DISTRICT,Transformation,278779,West
JAMES MADISON ELEMENTARY,OGDEN,UT,OGDEN DISTRICT,Transformation,549444,West
NORTHWEST MIDDLE,SALT LAKE CITY,UT,SALT LAKE DISTRICT,Transformation,806790,West
DEE SCHOOL,OGDEN,UT,OGDEN DISTRICT,Transformation,549444,West
GLENDALE MIDDLE,SALT LAKE CITY,UT,SALT LAKE DISTRICT,Transformation,806790,West
GRANGER HIGH,WEST VALLEY CITY,UT,GRANITE DISTRICT,Transformation,710934,West
FRED D. THOMPSON MIDDLE,RICHMOND,VA,RICHMOND CITY PBLC SCHS,Transformation,501500,South
LAKE TAYLOR MIDDLE,NORFOLK,VA,NORFOLK CITY PBLC SCHS,Transformation,135251,South
FRIES MIDDLE,FRIES,VA,GRAYSON CO PBLC SCHS,Transformation,500000,South
T.C. WILLIAMS HIGH,ALEXANDRIA,VA,ALEXANDRIA CITY PBLC SCHS,Transformation,10000,South
WESTSIDE ELEM.,ROANOKE,VA,ROANOKE CITY PBLC SCHS,Transformation,580100,South
PRINCE EDWARD COUNTY HIGH,FARMVILLE,VA,PRINCE EDWARD CO PBLC SCHS,Transformation,499586,South
CENTRAL HIGH,KING AND QUEEN C H,VA,KING AND QUEEN CO PBLC SCHS,Transformation,685661,South
LANGSTON FOCUS SCHOOL,DANVILLE,VA,DANVILLE CITY PBLC SCHS,Restart,946198,South
ARMSTRONG HIGH,RICHMOND,VA,RICHMOND CITY PBLC SCHS,Restart,859600,South
PEABODY MIDDLE,PETERSBURG,VA,PETERSBURG CITY PBLC SCHS,Transformation,460723,South
NEW BRIDGE SCHOOL,RICHMOND,VA,HENRICO CO PBLC SCHS,Closure,50000,South
COLONIAL BEACH HIGH,COLONIAL BEACH,VA,COLONIAL BEACH PBLC SCHS,Transformation,571500,South
ELLEN W. CHAMBLISS ELEM.,WAKEFIELD,VA,SUSSEX CO PBLC SCHS,Restart,400000,South
THOMAS C. BOUSHALL MIDDLE,RICHMOND,VA,RICHMOND CITY PBLC SCHS,Restart,613340,South
RUFFNER MIDDLE,NORFOLK,VA,NORFOLK CITY PBLC SCHS,Transformation,135542,South
VA. RANDOLPH COMM. HIGH,GLEN ALLEN,VA,HENRICO CO PBLC SCHS,Closure,50000,South
JAMES S. RUSSELL MIDDLE,LAWRENCEVILLE,VA,BRUNSWICK CO PBLC SCHS,Transformation,490820,South
SUSSEX CENTRAL MIDDLE,SUSSEX,VA,SUSSEX CO PBLC SCHS,Restart,529167,South
MOUNT ABRAHAM UHSD #28,BRISTOL,VT,MOUNT ABRAHAM UHSD #28,Transformation,230110,Northeast
NORTHFIELD ELEMENTARY SCHOOL,NORTHFIELD,VT,NORTHFIELD SCHOOL DISTRICT,Transformation,215600,Northeast
H. O. WHEELER SCHOOL,BURLINGTON,VT,BURLINGTON SCHOOL DISTRICT,Transformation,368200,Northeast
LAMOILLE UHSD #18,HYDE PARK,VT,LAMOILLE UHSD #18,Transformation,242458,Northeast
WINOOSKI HIGH SCHOOL,WINOOSKI,VT,WINOOSKI SCHOOL DISTRICT,Transformation,166477,Northeast
ST. JOHNSBURY SCHOOL,ST JOHNSBURY,VT,SAINT JOHNSBURY SCHOOL DISTRICT,Transformation,380045,Northeast
JOHNSON ELEMENTARY SCHOOL,JOHNSON,VT,JOHNSON SCHOOL DISTRICT,Transformation,192559,Northeast
WINDSOR HIGH SCHOOL,WINDSOR,VT,WINDSOR SCHOOL DISTRICT,Transformation,257889,Northeast
RUTLAND SENIOR HIGH SCHOOL,RUTLAND,VT,RUTLAND CITY SCHOOL DISTRICT,Transformation,382364,Northeast
FAIR HAVEN UHSD #16,FAIR HAVEN,VT,FAIR HAVEN UHSD #16,Transformation,314781,Northeast
STEWART,TACOMA,WA,TACOMA SCHOOL DISTRICT,Turnaround,152512,West
SUNNYSIDE HIGH SCHOOL,SUNNYSIDE,WA,SUNNYSIDE SCHOOL DISTRICT,Transformation,162541,West
TULALIP ELEMENTARY,MARYSVILLE,WA,MARYSVILLE SCHOOL DISTRICT,Turnaround,734480,West
CASCADE MIDDLE SCHOOL,SEATTLE,WA,HIGHLINE SCHOOL DISTRICT,Transformation,730000,West
ADAMS ELEMENTARY SCHOOL,YAKIMA,WA,YAKIMA SCHOOL DISTRICT,Transformation,116293,West
HAWTHORNE ELEMENTARY SCHOOL,SEATTLE,WA,SEATTLE PUBLIC SCHOOLS,Transformation,533531,West
MARYSVILLE MIDDLE SCHOOL,MARYSVILLE,WA,MARYSVILLE SCHOOL DISTRICT,Transformation,109526,West
GRANDVIEW MIDDLE SCHOOL,GRANDVIEW,WA,GRANDVIEW SCHOOL DISTRICT,Transformation,10000,West
WELLPINIT ELEMENTARY SCHOOL,WELLPINIT,WA,WELLPINIT SCHOOL DISTRICT,Transformation,178996,West
JASON LEE,TACOMA,WA,TACOMA SCHOOL DISTRICT,Transformation,100573,West
HIGH POINT ELEMENTARY SCHOOL,SEATTLE,WA,SEATTLE PUBLIC SCHOOLS,Transformation,452925,West
MONTICELLO MIDDLE SCHOOL,LONGVIEW,WA,LONGVIEW SCHOOL DISTRICT,Transformation,515546,West
STANTON ALTERNATIVE SCHOOL,YAKIMA,WA,YAKIMA SCHOOL DISTRICT,Transformation,945312,West
ANGELO GIAUDRONE MIDDLE SCHOOL,TACOMA,WA,TACOMA SCHOOL DISTRICT,Turnaround,138656,West
HUNT,TACOMA,WA,TACOMA SCHOOL DISTRICT,Closure,95320,West
CLEVELAND HIGH SCHOOL,SEATTLE,WA,SEATTLE PUBLIC SCHOOLS,Transformation,756677,West
CHINOOK MIDDLE SCHOOL,SEATAC,WA,HIGHLINE SCHOOL DISTRICT,Transformation,730000,West
WASHINGTON MIDDLE SCHOOL,YAKIMA,WA,YAKIMA SCHOOL DISTRICT,Transformation,115268,West
FOSTER & WILLIAMS HIGH SCHOOL OF THE VISUAL ARTS,MILWAUKEE,WI,MILWAUKEE SCHOOL DISTRICT,Closure,10000,Midwest
DUBOIS HIGH,MILWAUKEE,WI,MILWAUKEE SCHOOL DISTRICT,Closure,10000,Midwest
CUSTER HIGH,MILWAUKEE,WI,MILWAUKEE SCHOOL DISTRICT,Restart,650093,Midwest
JAMES MADISON ACADEMIC CAMPUS,MILWAUKEE,WI,MILWAUKEE SCHOOL DISTRICT,Transformation,749320,Midwest
VINCENT HIGH,MILWAUKEE,WI,MILWAUKEE SCHOOL DISTRICT,Transformation,928024,Midwest
BAY VIEW HIGH,MILWAUKEE,WI,MILWAUKEE SCHOOL DISTRICT,Transformation,134909,Midwest
DOWNTOWN INSTITUTE OF ARTS & LETTERS (DIAL),MILWAUKEE,WI,MILWAUKEE SCHOOL DISTRICT,Closure,10000,Midwest
SOUTH DIVISION HIGH,MILWAUKEE,WI,MILWAUKEE SCHOOL DISTRICT,Transformation,124643,Midwest
MILWAUKEE AFRICAN AMERICAN IMMERSION HIGH,MILWAUKEE,WI,MILWAUKEE SCHOOL DISTRICT,Restart,567905,Midwest
WHS LAW EDUCATION & PUBLIC SERVICE,MILWAUKEE,WI,MILWAUKEE SCHOOL DISTRICT,Closure,10000,Midwest
BRADLEY TECHNOLOGY HIGH,MILWAUKEE,WI,MILWAUKEE SCHOOL DISTRICT,Transformation,10000,Midwest
HAMLIN PK-8,HAMLIN,WV,LINCOLN COUNTY SCHOOLS,Transformation,258600,South
RIVERSIDE HIGH SCHOOL,BELLE,WV,KANAWHA COUNTY SCHOOLS,Transformation,481900,South
DODDRIDGE COUNTY ELEMENTARY SCHOOL,WEST UNION,WV,DODDRIDGE COUNTY SCHOOLS,Transformation,464200,South
MOUNT VIEW HIGH SCHOOL,WELCH,WV,MCDOWELL COUNTY SCHOOLS,Transformation,450000,South
WEST HAMLIN ELEMENTARY,WEST HAMLIN,WV,LINCOLN COUNTY SCHOOLS,Transformation,156660,South
MALDEN ELEMENTARY SCHOOL,CHARLESTON,WV,KANAWHA COUNTY SCHOOLS,Transformation,217598,South
MARTINSBURG NORTH MIDDLE SCHOOL,MARTINSBURG,WV,BERKELEY COUNTY SCHOOLS,Transformation,461690,South
SANDY RIVER MIDDLE SCHOOL,AVONDALE,WV,MCDOWELL COUNTY SCHOOLS,Transformation,370000,South
STONEWALL JACKSON MIDDLE SCHOOL,CHARLESTON,WV,KANAWHA COUNTY SCHOOLS,Transformation,241211,South
EAST BANK MIDDLE SCHOOL,EAST BANK,WV,KANAWHA COUNTY SCHOOLS,Transformation,314618,South
FRANKLIN ELEMENTARY CENTER,PARKERSBURG,WV,WOOD COUNTY SCHOOLS,Transformation,389906,South
GUYAN VALLEY MIDDLE,BRANCHLAND,WV,LINCOLN COUNTY SCHOOLS,Transformation,341250,South
CEDAR GROVE MIDDLE SCHOOL,CEDAR GROVE,WV,KANAWHA COUNTY SCHOOLS,Transformation,211271,South
MOUNT HOPE HIGH SCHOOL,MOUNT HOPE,WV,FAYETTE COUNTY SCHOOLS,Transformation,342189,South
GEARY ELEMENTARY SCHOOL,LEFT HAND,WV,ROANE COUNTY SCHOOLS,Transformation,260000,South
TRIUMPH HIGH SCHOOL,CHEYENNE,WY,LARAMIE COUNTY SCHOOL DISTRICT #1,Transformation,297300,West
HEM JUNIOR/SENIOR HIGH SCHOOL,HANNA,WY,CARBON COUNTY SCHOOL DISTRICT #2,Transformation,274000,West
ROOSEVELT HIGH SCHOOL,CASPER,WY,NATRONA COUNTY SCHOOL DISTRICT #1,Transformation,431382,West
